hour,temperature,humidity,prev_occupancy,occupancy,ledCurrent,motorCurrent,voltage,ledPower,motorPower,wastage
3,26.91,41.89,0,0,0.0,0.0,5.08,0.0,0.0,0
17,23.02,64.01,0,1,0.01,0.35,4.93,0.05,1.73,0
0,22.95,64.71,1,1,0.02,0.4,5.05,0.1,2.02,0
19,31.67,60.02,1,0,0.0,0.0,4.96,0.0,0.0,0
7,31.44,70.63,0,0,0.0,0.0,4.88,0.0,0.0,0
15,22.5,67.02,0,0,0.04,0.0,5.07,0.2,0.0,1
10,29.91,43.48,0,1,0.02,0.35,5.08,0.1,1.78,0
23,30.95,68.25,1,1,0.03,0.24,5.11,0.15,1.23,0
19,22.49,76.92,1,1,0.02,0.28,4.92,0.1,1.38,0
1,30.12,63.73,1,1,0.04,0.15,5.11,0.2,0.77,0
14,24.36,59.24,1,1,0.01,0.23,4.97,0.05,1.14,0
15,31.57,78.95,1,1,0.03,0.11,4.88,0.15,0.54,0
3,23.67,50.82,1,0,0.0,0.0,5.11,0.0,0.0,0
22,22.83,49.15,0,0,0.0,0.0,4.95,0.0,0.0,0
17,31.74,74.93,0,1,0.02,0.23,4.81,0.1,1.11,0
2,23.21,75.78,1,1,0.04,0.2,5.09,0.2,1.02,0
14,25.06,67.67,1,1,0.01,0.19,5.05,0.05,0.96,0
10,23.1,55.94,1,1,0.01,0.3,4.88,0.05,1.46,0
8,23.76,53.35,1,1,0.04,0.15,5.1,0.2,0.76,0
11,30.53,55.91,1,1,0.02,0.26,4.88,0.1,1.27,0
2,25.13,40.49,1,1,0.02,0.29,4.83,0.1,1.4,0
6,24.75,62.23,1,1,0.04,0.35,4.96,0.2,1.74,0
22,23.89,51.9,1,1,0.03,0.37,5.05,0.15,1.87,0
5,24.17,63.75,1,1,0.01,0.4,5.09,0.05,2.04,0
3,28.07,71.31,1,1,0.03,0.19,4.96,0.15,0.94,0
17,30.33,44.23,1,1,0.04,0.37,5.14,0.21,1.9,0
2,31.24,45.54,1,1,0.02,0.37,5.18,0.1,1.92,0
19,28.5,46.38,1,1,0.03,0.16,4.81,0.14,0.77,0
10,27.21,66.18,1,1,0.03,0.15,5.14,0.15,0.77,0
19,30.94,72.55,1,1,0.01,0.32,4.96,0.05,1.59,0
16,30.83,60.91,1,1,0.03,0.28,4.82,0.14,1.35,0
4,29.69,66.45,1,1,0.02,0.24,5.05,0.1,1.21,0
3,22.94,56.36,1,1,0.04,0.2,5.16,0.21,1.03,0
11,25.19,49.85,1,1,0.02,0.4,5.09,0.1,2.04,0
18,27.68,72.71,1,1,0.05,0.18,5.18,0.26,0.93,0
5,23.81,52.69,1,1,0.05,0.28,4.91,0.25,1.37,0
8,23.55,52.45,1,1,0.02,0.27,5.06,0.1,1.37,0
21,30.05,62.54,1,1,0.04,0.32,5.15,0.21,1.65,0
2,23.39,70.7,1,1,0.03,0.16,5.1,0.15,0.82,0
5,28.0,69.88,1,1,0.05,0.32,4.91,0.25,1.57,0
5,25.91,69.4,1,1,0.03,0.37,5.03,0.15,1.86,0
0,30.51,48.04,1,1,0.04,0.22,5.12,0.2,1.13,0
15,28.49,68.65,1,1,0.02,0.1,4.89,0.1,0.49,0
7,24.8,74.3,1,1,0.04,0.15,5.07,0.2,0.76,0
7,25.99,71.91,1,1,0.05,0.23,4.85,0.24,1.12,0
23,28.52,79.79,1,1,0.03,0.31,4.8,0.14,1.49,0
0,31.22,64.2,1,1,0.02,0.11,4.92,0.1,0.54,0
22,28.99,79.51,1,1,0.03,0.28,5.19,0.16,1.45,0
10,22.99,65.87,1,1,0.04,0.15,5.03,0.2,0.75,0
21,30.91,55.07,1,1,0.02,0.38,4.85,0.1,1.84,0
8,27.79,60.89,1,1,0.02,0.37,5.16,0.1,1.91,0
17,27.98,63.64,1,1,0.02,0.14,5.06,0.1,0.71,0
10,27.24,49.35,1,1,0.04,0.11,4.99,0.2,0.55,0
15,26.12,43.44,1,1,0.05,0.34,5.01,0.25,1.7,0
5,30.76,63.74,1,1,0.04,0.37,5.1,0.2,1.89,0
5,26.38,43.47,1,0,0.03,0.0,4.94,0.15,0.0,1
12,24.02,62.16,0,0,0.0,0.0,4.98,0.0,0.0,0
12,24.29,72.72,0,1,0.04,0.15,4.94,0.2,0.74,0
4,23.44,62.04,1,1,0.04,0.26,5.04,0.2,1.31,0
6,22.97,43.17,1,0,0.0,0.0,5.1,0.0,0.0,0
9,31.18,40.69,0,1,0.01,0.29,4.83,0.05,1.4,0
4,30.04,51.68,1,1,0.05,0.35,5.19,0.26,1.82,0
0,30.32,58.14,1,1,0.01,0.29,4.8,0.05,1.39,0
4,27.35,43.76,1,1,0.04,0.32,5.06,0.2,1.62,0
9,24.73,51.53,1,1,0.01,0.24,5.03,0.05,1.21,0
4,27.16,61.49,1,1,0.03,0.22,5.18,0.16,1.14,0
6,30.0,68.19,1,1,0.02,0.38,4.91,0.1,1.87,0
11,30.61,61.18,1,1,0.04,0.36,4.81,0.19,1.73,0
21,25.25,46.82,1,1,0.02,0.13,5.05,0.1,0.66,0
10,28.48,54.0,1,1,0.03,0.33,5.15,0.15,1.7,0
10,30.27,75.23,1,1,0.04,0.11,4.83,0.19,0.53,0
10,23.69,74.82,1,1,0.04,0.29,4.94,0.2,1.43,0
1,27.17,75.94,1,1,0.02,0.2,4.98,0.1,1.0,0
13,27.95,69.49,1,1,0.04,0.38,5.08,0.2,1.93,0
22,26.01,79.63,1,0,0.0,0.15,5.17,0.0,0.78,1
1,23.65,45.95,0,0,0.0,0.0,4.83,0.0,0.0,0
1,25.44,64.46,0,0,0.0,0.0,5.03,0.0,0.0,0
21,31.25,55.99,0,0,0.0,0.0,5.1,0.0,0.0,0
12,24.9,51.19,0,1,0.05,0.24,4.97,0.25,1.19,0
15,22.74,60.05,1,1,0.05,0.38,4.94,0.25,1.88,0
7,26.54,46.85,1,1,0.03,0.33,4.9,0.15,1.62,0
17,24.57,50.87,1,1,0.02,0.36,4.85,0.1,1.75,0
5,22.02,63.63,1,1,0.02,0.36,4.87,0.1,1.75,0
7,28.25,68.98,1,1,0.01,0.22,4.98,0.05,1.1,0
22,31.58,63.34,1,1,0.03,0.22,5.16,0.15,1.14,0
11,22.18,51.77,1,1,0.02,0.24,4.96,0.1,1.19,0
19,29.77,71.42,1,1,0.03,0.28,5.18,0.16,1.45,0
3,23.27,78.72,1,1,0.02,0.2,5.03,0.1,1.01,0
1,22.32,60.36,1,0,0.0,0.0,5.12,0.0,0.0,0
20,29.6,46.64,0,0,0.0,0.0,5.16,0.0,0.0,0
16,24.16,40.55,0,1,0.03,0.28,4.98,0.15,1.39,0
4,28.8,50.33,1,1,0.02,0.36,4.82,0.1,1.74,0
1,28.56,41.18,1,1,0.03,0.1,5.11,0.15,0.51,0
0,24.03,70.85,1,1,0.04,0.2,5.05,0.2,1.01,0
14,22.1,47.28,1,1,0.03,0.32,5.05,0.15,1.62,0
0,22.03,77.1,1,0,0.0,0.24,4.93,0.0,1.18,1
14,24.94,76.14,0,1,0.05,0.22,5.04,0.25,1.11,0
10,25.55,58.32,1,1,0.03,0.3,5.16,0.15,1.55,0
12,26.49,78.48,1,1,0.02,0.2,4.87,0.1,0.97,0
6,28.68,73.49,1,1,0.05,0.32,4.97,0.25,1.59,0
16,27.62,42.93,1,1,0.05,0.18,4.95,0.25,0.89,0
11,24.43,43.84,1,1,0.01,0.13,5.16,0.05,0.67,0
22,26.68,43.91,1,1,0.02,0.25,4.97,0.1,1.24,0
11,29.39,43.43,1,1,0.03,0.27,5.09,0.15,1.37,0
12,28.29,40.66,1,1,0.04,0.11,5.12,0.2,0.56,0
3,22.28,71.17,1,1,0.04,0.18,4.99,0.2,0.9,0
22,25.1,40.5,1,0,0.0,0.0,5.13,0.0,0.0,0
13,26.93,68.02,0,1,0.03,0.29,4.99,0.15,1.45,0
8,25.17,47.31,1,0,0.0,0.0,5.14,0.0,0.0,0
8,26.3,65.81,0,0,0.0,0.0,5.01,0.0,0.0,0
20,31.48,76.47,0,0,0.0,0.0,5.17,0.0,0.0,0
20,25.06,58.72,0,0,0.04,0.21,5.2,0.21,1.09,1
14,25.48,68.45,0,1,0.03,0.35,4.89,0.15,1.71,0
11,28.07,44.77,1,1,0.05,0.3,4.95,0.25,1.49,0
10,22.95,79.05,1,1,0.04,0.22,4.97,0.2,1.09,0
13,29.47,48.8,1,1,0.04,0.29,5.01,0.2,1.45,0
14,22.27,64.64,1,1,0.02,0.26,5.11,0.1,1.33,0
6,26.01,46.55,1,1,0.04,0.14,5.04,0.2,0.71,0
10,30.5,44.57,1,1,0.02,0.23,5.02,0.1,1.15,0
1,30.17,40.81,1,0,0.02,0.0,4.92,0.1,0.0,1
8,25.98,44.07,0,0,0.0,0.31,4.91,0.0,1.52,1
8,25.99,74.18,0,0,0.0,0.0,5.07,0.0,0.0,0
8,27.74,75.98,0,0,0.0,0.0,4.92,0.0,0.0,0
13,27.12,77.0,0,1,0.04,0.16,4.87,0.19,0.78,0
13,31.44,49.48,1,1,0.04,0.13,5.18,0.21,0.67,0
13,22.57,79.02,1,1,0.04,0.14,4.84,0.19,0.68,0
17,23.28,58.15,1,1,0.02,0.36,5.01,0.1,1.8,0
8,29.04,65.62,1,1,0.02,0.18,4.84,0.1,0.87,0
4,23.92,62.61,1,1,0.05,0.25,4.91,0.25,1.23,0
11,31.58,41.12,1,1,0.04,0.15,4.99,0.2,0.75,0
0,22.4,78.32,1,1,0.05,0.14,4.91,0.25,0.69,0
3,30.75,76.32,1,1,0.02,0.13,4.85,0.1,0.63,0
18,22.88,42.77,1,1,0.04,0.19,5.17,0.21,0.98,0
22,27.89,57.69,1,1,0.02,0.27,5.0,0.1,1.35,0
0,28.09,76.56,1,1,0.02,0.11,5.02,0.1,0.55,0
9,28.87,73.65,1,1,0.01,0.39,4.98,0.05,1.94,0
3,28.97,40.03,1,1,0.04,0.17,4.83,0.19,0.82,0
1,29.92,46.89,1,1,0.01,0.33,5.01,0.05,1.65,0
9,31.85,74.39,1,1,0.02,0.31,4.84,0.1,1.5,0
10,25.9,57.42,1,1,0.05,0.26,4.88,0.24,1.27,0
1,23.89,66.56,1,1,0.01,0.39,5.02,0.05,1.96,0
1,29.74,70.04,1,1,0.05,0.16,4.86,0.24,0.78,0
16,30.57,79.82,1,1,0.01,0.33,5.09,0.05,1.68,0
2,23.28,44.26,1,1,0.01,0.18,4.97,0.05,0.89,0
1,27.26,63.58,1,1,0.02,0.38,5.13,0.1,1.95,0
19,28.59,49.98,1,1,0.05,0.32,4.83,0.24,1.55,0
0,31.25,70.81,1,1,0.02,0.29,5.1,0.1,1.48,0
22,27.91,76.5,1,1,0.05,0.33,4.86,0.24,1.6,0
11,23.53,53.93,1,1,0.05,0.17,4.81,0.24,0.82,0
4,28.1,46.54,1,1,0.04,0.14,4.92,0.2,0.69,0
15,28.3,51.86,1,1,0.01,0.3,4.93,0.05,1.48,0
0,31.43,71.14,1,1,0.02,0.16,4.81,0.1,0.77,0
17,30.08,59.96,1,1,0.03,0.25,4.83,0.14,1.21,0
2,22.0,71.74,1,1,0.04,0.13,5.19,0.21,0.67,0
15,27.22,57.7,1,1,0.02,0.29,4.92,0.1,1.43,0
2,24.32,41.66,1,1,0.04,0.22,4.99,0.2,1.1,0
0,29.96,75.3,1,1,0.03,0.25,5.16,0.15,1.29,0
17,28.04,58.09,1,1,0.03,0.24,5.01,0.15,1.2,0
14,23.18,54.47,1,1,0.03,0.16,5.11,0.15,0.82,0
1,29.64,59.21,1,1,0.02,0.23,5.07,0.1,1.17,0
19,24.69,75.54,1,1,0.03,0.29,4.86,0.15,1.41,0
10,30.26,63.14,1,1,0.05,0.23,5.06,0.25,1.16,0
7,26.19,58.73,1,1,0.02,0.16,5.02,0.1,0.8,0
0,28.72,63.9,1,1,0.04,0.19,5.13,0.21,0.97,0
14,28.85,71.61,1,1,0.01,0.36,4.94,0.05,1.78,0
15,24.4,78.16,1,1,0.04,0.15,4.83,0.19,0.72,0
5,24.52,55.67,1,1,0.04,0.17,5.17,0.21,0.88,0
19,28.0,66.82,1,1,0.02,0.32,4.98,0.1,1.59,0
9,31.41,41.87,1,1,0.02,0.2,5.04,0.1,1.01,0
10,29.19,76.76,1,1,0.02,0.37,5.11,0.1,1.89,0
9,23.83,62.9,1,1,0.02,0.17,4.91,0.1,0.83,0
20,25.39,72.32,1,1,0.03,0.4,4.82,0.14,1.93,0
18,24.68,49.44,1,1,0.01,0.39,5.03,0.05,1.96,0
1,29.67,67.72,1,1,0.03,0.26,5.12,0.15,1.33,0
12,22.76,56.18,1,1,0.02,0.18,5.09,0.1,0.92,0
22,24.25,40.22,1,1,0.02,0.22,5.06,0.1,1.11,0
15,22.39,41.59,1,1,0.04,0.15,5.12,0.2,0.77,0
17,25.86,72.73,1,1,0.04,0.34,5.07,0.2,1.72,0
1,25.16,75.77,1,0,0.0,0.0,4.89,0.0,0.0,0
6,27.08,69.51,0,0,0.0,0.0,5.14,0.0,0.0,0
0,29.78,72.08,0,0,0.0,0.0,4.88,0.0,0.0,0
5,29.27,55.95,0,0,0.0,0.0,4.92,0.0,0.0,0
19,26.14,49.35,0,0,0.04,0.0,4.94,0.2,0.0,1
12,28.42,65.6,0,1,0.04,0.22,5.11,0.2,1.12,0
23,28.82,40.52,1,1,0.01,0.21,4.96,0.05,1.04,0
13,28.15,51.87,1,1,0.03,0.16,5.19,0.16,0.83,0
5,31.04,50.61,1,1,0.02,0.35,4.86,0.1,1.7,0
2,23.7,61.91,1,1,0.02,0.23,4.98,0.1,1.15,0
20,23.24,53.35,1,1,0.04,0.13,5.2,0.21,0.68,0
7,27.86,65.8,1,1,0.02,0.25,5.03,0.1,1.26,0
16,25.61,58.78,1,1,0.01,0.25,4.92,0.05,1.23,0
17,23.83,78.68,1,1,0.04,0.15,5.18,0.21,0.78,0
1,24.33,47.12,1,1,0.02,0.38,5.0,0.1,1.9,0
19,23.2,52.21,1,1,0.01,0.1,5.17,0.05,0.52,0
13,25.78,44.32,1,1,0.02,0.22,5.09,0.1,1.12,0
20,26.37,68.05,1,1,0.03,0.28,4.95,0.15,1.39,0
20,22.19,60.9,1,0,0.0,0.0,5.03,0.0,0.0,0
13,29.16,50.06,0,1,0.03,0.17,4.86,0.15,0.83,0
10,29.98,70.38,1,1,0.03,0.32,5.19,0.16,1.66,0
10,22.12,73.83,1,1,0.04,0.13,5.15,0.21,0.67,0
9,22.69,44.13,1,1,0.04,0.26,5.1,0.2,1.33,0
18,25.14,65.9,1,1,0.01,0.28,4.8,0.05,1.34,0
23,27.02,44.63,1,1,0.04,0.11,5.02,0.2,0.55,0
5,25.97,69.21,1,1,0.01,0.13,4.88,0.05,0.63,0
3,26.67,54.67,1,1,0.02,0.21,4.91,0.1,1.03,0
8,29.59,58.52,1,0,0.0,0.0,5.12,0.0,0.0,0
14,22.63,51.49,0,1,0.05,0.37,4.96,0.25,1.84,0
23,23.43,42.78,1,1,0.04,0.21,5.18,0.21,1.09,0
1,29.97,46.95,1,1,0.04,0.35,5.15,0.21,1.8,0
23,24.94,64.14,1,1,0.05,0.19,5.15,0.26,0.98,0
21,26.78,42.36,1,1,0.03,0.38,4.9,0.15,1.86,0
10,23.46,57.05,1,1,0.03,0.31,4.87,0.15,1.51,0
8,31.18,41.02,1,1,0.03,0.11,5.11,0.15,0.56,0
9,31.29,61.44,1,1,0.03,0.21,4.94,0.15,1.04,0
11,28.98,40.63,1,0,0.0,0.0,5.16,0.0,0.0,0
23,30.38,63.95,0,0,0.0,0.0,5.15,0.0,0.0,0
3,30.85,60.89,0,0,0.0,0.0,4.93,0.0,0.0,0
5,26.65,51.75,0,0,0.0,0.25,5.0,0.0,1.25,1
2,27.54,73.28,0,0,0.0,0.0,5.2,0.0,0.0,0
22,25.89,40.31,0,0,0.0,0.0,5.01,0.0,0.0,0
5,22.92,70.49,0,0,0.0,0.0,4.93,0.0,0.0,0
17,28.34,63.26,0,0,0.0,0.0,4.93,0.0,0.0,0
17,31.94,45.55,0,1,0.01,0.31,4.93,0.05,1.53,0
11,22.3,43.91,1,1,0.05,0.13,4.96,0.25,0.64,0
3,30.94,40.85,1,0,0.0,0.0,4.94,0.0,0.0,0
0,23.06,49.76,0,1,0.03,0.14,5.08,0.15,0.71,0
11,27.47,70.82,1,1,0.03,0.23,4.93,0.15,1.13,0
9,23.5,68.73,1,1,0.03,0.27,5.11,0.15,1.38,0
1,23.37,77.96,1,1,0.03,0.23,4.8,0.14,1.1,0
19,31.45,57.6,1,1,0.04,0.24,4.98,0.2,1.2,0
19,29.12,50.1,1,0,0.0,0.0,4.85,0.0,0.0,0
1,25.64,42.48,0,0,0.0,0.0,4.97,0.0,0.0,0
11,22.58,60.22,0,1,0.04,0.2,4.95,0.2,0.99,0
18,23.87,52.72,1,1,0.02,0.3,4.9,0.1,1.47,0
5,23.37,44.77,1,1,0.05,0.25,4.93,0.25,1.23,0
13,25.3,49.35,1,1,0.04,0.15,4.99,0.2,0.75,0
1,31.07,73.69,1,1,0.03,0.32,5.11,0.15,1.64,0
17,24.16,64.94,1,1,0.02,0.39,4.85,0.1,1.89,0
7,31.07,56.86,1,1,0.03,0.24,5.07,0.15,1.22,0
0,29.55,78.09,1,1,0.01,0.16,5.15,0.05,0.82,0
17,30.04,42.31,1,0,0.0,0.0,5.16,0.0,0.0,0
7,24.67,43.48,0,0,0.0,0.0,5.17,0.0,0.0,0
16,31.78,71.37,0,0,0.0,0.0,5.09,0.0,0.0,0
12,29.57,69.67,0,1,0.03,0.33,5.19,0.16,1.71,0
12,30.38,62.71,1,0,0.0,0.0,4.89,0.0,0.0,0
21,23.19,59.17,0,0,0.0,0.0,4.88,0.0,0.0,0
12,22.35,70.09,0,1,0.04,0.17,4.91,0.2,0.83,0
5,22.63,75.89,1,1,0.02,0.38,5.03,0.1,1.91,0
23,29.11,63.74,1,1,0.02,0.15,5.13,0.1,0.77,0
4,25.63,75.12,1,1,0.02,0.13,5.18,0.1,0.67,0
17,25.07,44.14,1,1,0.04,0.29,4.93,0.2,1.43,0
12,31.4,66.34,1,1,0.01,0.12,4.8,0.05,0.58,0
12,24.31,44.77,1,1,0.04,0.4,5.02,0.2,2.01,0
19,29.76,78.26,1,1,0.02,0.22,4.93,0.1,1.08,0
23,31.57,71.79,1,1,0.04,0.23,5.15,0.21,1.18,0
11,23.93,56.82,1,1,0.03,0.23,5.18,0.16,1.19,0
13,28.29,79.33,1,1,0.04,0.2,4.84,0.19,0.97,0
2,29.94,47.35,1,1,0.04,0.25,5.03,0.2,1.26,0
4,26.31,51.63,1,0,0.0,0.0,5.18,0.0,0.0,0
13,28.21,63.39,0,1,0.04,0.18,4.92,0.2,0.89,0
2,23.1,68.58,1,1,0.03,0.26,4.93,0.15,1.28,0
9,23.19,47.11,1,1,0.04,0.14,4.94,0.2,0.69,0
5,31.39,42.27,1,1,0.04,0.18,4.81,0.19,0.87,0
20,30.82,78.89,1,1,0.02,0.1,4.95,0.1,0.5,0
0,24.95,70.05,1,1,0.01,0.19,4.89,0.05,0.93,0
6,30.03,68.12,1,1,0.02,0.26,4.84,0.1,1.26,0
11,31.64,58.64,1,1,0.02,0.33,5.14,0.1,1.7,0
12,28.59,44.62,1,1,0.02,0.2,4.92,0.1,0.98,0
17,25.48,49.69,1,1,0.02,0.16,5.08,0.1,0.81,0
0,22.47,58.65,1,1,0.03,0.12,4.87,0.15,0.58,0
4,29.74,66.4,1,1,0.04,0.38,4.98,0.2,1.89,0
21,25.92,49.1,1,1,0.02,0.19,4.88,0.1,0.93,0
11,27.09,71.89,1,1,0.02,0.4,5.12,0.1,2.05,0
3,23.26,68.82,1,1,0.02,0.38,5.17,0.1,1.96,0
0,30.76,76.21,1,1,0.02,0.4,5.06,0.1,2.02,0
4,27.58,68.26,1,1,0.01,0.29,5.19,0.05,1.51,0
0,27.01,45.08,1,1,0.05,0.24,4.99,0.25,1.2,0
16,29.91,43.77,1,1,0.02,0.14,4.85,0.1,0.68,0
4,22.88,48.84,1,0,0.0,0.0,4.9,0.0,0.0,0
8,23.91,52.05,0,0,0.0,0.0,5.17,0.0,0.0,0
6,25.1,47.9,0,0,0.0,0.0,4.81,0.0,0.0,0
15,29.62,59.93,0,0,0.0,0.0,4.91,0.0,0.0,0
17,22.93,77.01,0,1,0.04,0.13,5.07,0.2,0.66,0
14,23.32,40.18,1,1,0.03,0.2,4.92,0.15,0.98,0
21,27.35,57.79,1,1,0.01,0.18,5.19,0.05,0.93,0
13,29.86,79.44,1,1,0.04,0.18,5.07,0.2,0.91,0
9,25.61,51.62,1,1,0.04,0.4,5.19,0.21,2.08,0
16,23.56,60.15,1,1,0.04,0.15,5.03,0.2,0.75,0
20,22.72,75.73,1,1,0.05,0.34,4.83,0.24,1.64,0
8,30.24,40.24,1,1,0.02,0.25,5.18,0.1,1.29,0
22,27.31,56.86,1,0,0.0,0.0,4.87,0.0,0.0,0
20,24.01,44.81,0,0,0.0,0.0,4.91,0.0,0.0,0
0,30.59,48.23,0,0,0.0,0.0,5.08,0.0,0.0,0
4,27.21,56.99,0,0,0.0,0.0,5.0,0.0,0.0,0
2,27.94,52.47,0,0,0.0,0.23,5.16,0.0,1.19,1
5,24.35,72.78,0,0,0.0,0.0,4.99,0.0,0.0,0
17,31.33,44.79,0,1,0.02,0.23,5.2,0.1,1.2,0
3,23.13,65.8,1,0,0.0,0.0,5.02,0.0,0.0,0
2,31.01,58.07,0,0,0.0,0.0,4.87,0.0,0.0,0
10,23.92,49.38,0,0,0.0,0.0,4.87,0.0,0.0,0
23,22.82,68.66,0,0,0.0,0.0,5.07,0.0,0.0,0
5,26.01,69.69,0,0,0.0,0.0,5.09,0.0,0.0,0
16,22.71,46.94,0,0,0.0,0.0,4.87,0.0,0.0,0
4,30.05,52.74,0,0,0.0,0.0,4.91,0.0,0.0,0
4,31.53,54.27,0,0,0.0,0.0,5.01,0.0,0.0,0
19,29.68,59.3,0,0,0.0,0.0,5.1,0.0,0.0,0
16,24.8,41.52,0,1,0.01,0.32,4.87,0.05,1.56,0
5,27.58,65.55,1,1,0.02,0.31,5.06,0.1,1.57,0
4,30.84,55.0,1,1,0.02,0.27,4.89,0.1,1.32,0
1,30.06,41.86,1,1,0.02,0.15,5.09,0.1,0.76,0
5,27.87,68.58,1,1,0.04,0.26,4.83,0.19,1.26,0
11,31.47,74.1,1,1,0.04,0.25,4.94,0.2,1.24,0
6,26.66,52.68,1,1,0.03,0.34,4.96,0.15,1.69,0
12,23.24,59.96,1,1,0.04,0.27,5.08,0.2,1.37,0
11,28.08,68.67,1,1,0.05,0.37,5.12,0.26,1.89,0
6,26.33,48.53,1,1,0.04,0.23,5.04,0.2,1.16,0
3,24.67,77.39,1,1,0.03,0.24,5.09,0.15,1.22,0
13,26.83,48.81,1,1,0.02,0.31,4.89,0.1,1.52,0
7,29.55,41.76,1,1,0.02,0.35,5.05,0.1,1.77,0
20,27.12,69.31,1,1,0.02,0.15,4.98,0.1,0.75,0
19,24.48,61.94,1,1,0.05,0.32,5.09,0.25,1.63,0
18,30.25,73.26,1,1,0.02,0.21,5.18,0.1,1.09,0
13,24.82,55.37,1,1,0.02,0.23,5.12,0.1,1.18,0
3,27.6,62.5,1,1,0.03,0.22,5.13,0.15,1.13,0
5,28.07,51.59,1,1,0.03,0.26,4.81,0.14,1.25,0
12,22.61,73.8,1,1,0.03,0.12,5.01,0.15,0.6,0
23,30.4,52.73,1,1,0.04,0.38,4.99,0.2,1.9,0
11,31.72,47.51,1,1,0.01,0.3,4.97,0.05,1.49,0
8,24.15,40.43,1,1,0.01,0.24,4.88,0.05,1.17,0
21,28.92,76.83,1,1,0.05,0.37,5.19,0.26,1.92,0
15,25.5,50.09,1,1,0.03,0.12,5.13,0.15,0.62,0
0,22.01,77.78,1,0,0.0,0.0,5.05,0.0,0.0,0
6,22.5,74.46,0,0,0.0,0.0,4.97,0.0,0.0,0
0,30.08,64.71,0,0,0.0,0.0,4.99,0.0,0.0,0
11,31.97,57.99,0,1,0.03,0.21,4.92,0.15,1.03,0
19,23.71,74.53,1,0,0.0,0.0,5.02,0.0,0.0,0
8,28.84,77.13,0,0,0.02,0.32,4.88,0.1,1.56,1
4,31.16,76.17,0,0,0.0,0.0,5.19,0.0,0.0,0
15,31.17,51.89,0,1,0.04,0.22,5.17,0.21,1.14,0
15,27.37,71.84,1,1,0.03,0.27,4.83,0.14,1.3,0
18,23.63,40.62,1,1,0.02,0.33,5.05,0.1,1.67,0
20,30.46,56.75,1,1,0.02,0.32,4.84,0.1,1.55,0
17,24.3,52.81,1,1,0.02,0.16,5.16,0.1,0.83,0
22,24.69,42.66,1,1,0.04,0.18,5.01,0.2,0.9,0
17,22.56,60.61,1,1,0.02,0.1,4.85,0.1,0.48,0
9,31.61,69.11,1,1,0.05,0.34,5.03,0.25,1.71,0
17,25.78,43.52,1,1,0.04,0.11,4.99,0.2,0.55,0
20,28.99,55.13,1,1,0.03,0.14,4.91,0.15,0.69,0
12,30.57,72.21,1,1,0.04,0.16,5.1,0.2,0.82,0
3,31.53,42.37,1,1,0.05,0.15,4.86,0.24,0.73,0
22,23.91,73.77,1,1,0.03,0.2,4.83,0.14,0.97,0
14,31.4,65.59,1,1,0.02,0.37,5.01,0.1,1.85,0
11,30.25,47.93,1,1,0.04,0.17,4.95,0.2,0.84,0
5,24.88,54.84,1,1,0.05,0.14,4.91,0.25,0.69,0
19,27.04,53.47,1,1,0.03,0.31,4.92,0.15,1.53,0
10,23.22,52.26,1,1,0.04,0.22,5.18,0.21,1.14,0
2,29.67,50.32,1,1,0.03,0.18,4.91,0.15,0.88,0
0,23.5,58.68,1,1,0.03,0.31,4.95,0.15,1.53,0
8,28.02,45.3,1,1,0.03,0.33,4.95,0.15,1.63,0
18,25.84,65.07,1,1,0.04,0.2,5.18,0.21,1.04,0
7,23.84,61.9,1,1,0.05,0.11,5.07,0.25,0.56,0
17,26.98,47.03,1,1,0.02,0.12,5.08,0.1,0.61,0
22,24.59,63.88,1,1,0.01,0.1,4.92,0.05,0.49,0
20,27.5,60.07,1,1,0.04,0.34,4.91,0.2,1.67,0
22,26.6,66.64,1,1,0.02,0.32,5.03,0.1,1.61,0
11,26.41,42.17,1,1,0.03,0.31,4.96,0.15,1.54,0
6,25.55,49.41,1,0,0.0,0.0,4.84,0.0,0.0,0
15,28.29,61.79,0,1,0.04,0.32,4.85,0.19,1.55,0
20,30.36,52.11,1,1,0.04,0.27,5.02,0.2,1.36,0
7,31.05,44.96,1,1,0.02,0.22,4.86,0.1,1.07,0
23,28.06,79.09,1,1,0.03,0.31,5.15,0.15,1.6,0
9,27.14,42.43,1,1,0.04,0.15,5.18,0.21,0.78,0
10,28.52,61.67,1,1,0.02,0.35,5.12,0.1,1.79,0
1,28.24,72.28,1,1,0.04,0.23,4.84,0.19,1.11,0
7,25.26,47.89,1,1,0.03,0.11,5.09,0.15,0.56,0
1,25.82,56.11,1,1,0.03,0.21,5.08,0.15,1.07,0
15,29.82,76.87,1,1,0.03,0.38,4.96,0.15,1.88,0
2,26.59,48.46,1,1,0.03,0.35,5.18,0.16,1.81,0
18,31.9,65.07,1,1,0.02,0.32,5.13,0.1,1.64,0
1,26.47,75.34,1,1,0.01,0.2,5.0,0.05,1.0,0
7,25.91,46.05,1,1,0.02,0.3,4.81,0.1,1.44,0
22,24.29,68.25,1,0,0.0,0.2,5.18,0.0,1.04,1
17,26.78,55.9,0,0,0.0,0.0,5.1,0.0,0.0,0
13,23.77,75.24,0,1,0.03,0.27,5.12,0.15,1.38,0
18,29.15,56.08,1,1,0.03,0.22,5.18,0.16,1.14,0
16,24.88,70.85,1,1,0.04,0.23,5.08,0.2,1.17,0
17,25.72,58.09,1,1,0.05,0.38,4.96,0.25,1.88,0
6,27.87,40.41,1,1,0.03,0.15,5.14,0.15,0.77,0
22,24.15,48.76,1,1,0.02,0.2,5.19,0.1,1.04,0
9,28.85,46.15,1,1,0.04,0.14,4.9,0.2,0.69,0
3,31.73,46.68,1,1,0.02,0.25,4.87,0.1,1.22,0
6,23.1,64.21,1,1,0.03,0.28,4.96,0.15,1.39,0
15,30.56,49.07,1,1,0.02,0.3,4.82,0.1,1.45,0
17,31.07,61.33,1,1,0.01,0.38,4.86,0.05,1.85,0
5,24.41,78.1,1,1,0.02,0.4,5.06,0.1,2.02,0
11,25.45,40.89,1,1,0.03,0.24,5.19,0.16,1.25,0
10,23.9,42.65,1,1,0.02,0.18,4.93,0.1,0.89,0
9,31.29,75.44,1,1,0.03,0.31,4.93,0.15,1.53,0
13,31.46,43.12,1,1,0.03,0.17,4.84,0.15,0.82,0
8,30.43,53.35,1,1,0.03,0.12,4.84,0.15,0.58,0
15,29.9,50.73,1,1,0.02,0.26,5.09,0.1,1.32,0
3,31.18,54.35,1,1,0.04,0.28,4.87,0.19,1.36,0
5,25.82,57.47,1,1,0.02,0.17,4.83,0.1,0.82,0
20,22.62,43.52,1,1,0.04,0.13,5.11,0.2,0.66,0
22,23.4,49.3,1,1,0.04,0.35,4.81,0.19,1.68,0
14,27.74,56.71,1,1,0.05,0.31,5.13,0.26,1.59,0
6,29.58,57.07,1,1,0.03,0.3,4.87,0.15,1.46,0
2,26.61,57.3,1,1,0.04,0.12,5.0,0.2,0.6,0
7,27.62,52.43,1,1,0.05,0.28,5.07,0.25,1.42,0
20,25.51,69.69,1,0,0.0,0.0,5.13,0.0,0.0,0
4,29.67,48.12,0,0,0.0,0.0,4.82,0.0,0.0,0
9,27.13,42.45,0,1,0.03,0.1,5.17,0.16,0.52,0
4,22.08,56.48,1,1,0.03,0.23,4.82,0.14,1.11,0
20,25.7,64.08,1,0,0.0,0.0,5.08,0.0,0.0,0
15,22.43,65.94,0,1,0.04,0.29,5.06,0.2,1.47,0
15,24.13,78.37,1,1,0.04,0.13,5.1,0.2,0.66,0
10,27.29,65.63,1,1,0.04,0.23,5.17,0.21,1.19,0
19,29.15,45.31,1,1,0.01,0.23,4.84,0.05,1.11,0
11,23.53,70.84,1,1,0.04,0.23,5.13,0.21,1.18,0
21,26.68,44.43,1,0,0.0,0.0,5.0,0.0,0.0,0
9,25.77,71.48,0,1,0.02,0.24,5.02,0.1,1.2,0
12,26.37,65.72,1,1,0.03,0.19,5.05,0.15,0.96,0
6,30.63,62.54,1,1,0.04,0.39,5.0,0.2,1.95,0
23,27.95,49.86,1,1,0.03,0.19,5.07,0.15,0.96,0
4,27.54,50.97,1,1,0.04,0.21,5.01,0.2,1.05,0
4,29.03,69.72,1,1,0.03,0.23,5.17,0.16,1.19,0
12,26.25,64.59,1,1,0.02,0.17,4.91,0.1,0.83,0
4,31.99,50.51,1,1,0.04,0.28,4.98,0.2,1.39,0
14,24.35,67.4,1,0,0.0,0.0,4.93,0.0,0.0,0
4,26.08,44.57,0,0,0.02,0.35,5.16,0.1,1.81,1
15,22.89,73.19,0,1,0.05,0.19,4.83,0.24,0.92,0
22,29.56,64.92,1,0,0.0,0.0,5.07,0.0,0.0,0
3,28.1,61.13,0,0,0.0,0.0,4.91,0.0,0.0,0
2,25.29,69.48,0,0,0.0,0.0,4.97,0.0,0.0,0
0,30.0,59.72,0,0,0.0,0.0,5.01,0.0,0.0,0
10,27.26,66.64,0,1,0.04,0.39,4.82,0.19,1.88,0
14,26.34,47.43,1,1,0.03,0.37,4.94,0.15,1.83,0
23,24.11,48.89,1,0,0.0,0.0,4.85,0.0,0.0,0
6,28.81,72.24,0,0,0.0,0.0,4.87,0.0,0.0,0
18,23.9,51.31,0,0,0.0,0.0,4.91,0.0,0.0,0
18,29.22,69.77,0,0,0.0,0.31,5.19,0.0,1.61,1
9,22.77,70.31,0,1,0.02,0.26,5.14,0.1,1.34,0
10,22.72,69.27,1,1,0.03,0.37,4.84,0.15,1.79,0
5,26.95,63.48,1,1,0.04,0.37,4.84,0.19,1.79,0
2,29.06,61.99,1,1,0.03,0.31,4.85,0.15,1.5,0
12,26.95,44.45,1,0,0.0,0.0,5.09,0.0,0.0,0
6,23.16,48.69,0,0,0.0,0.0,4.84,0.0,0.0,0
10,30.5,68.06,0,1,0.03,0.25,4.87,0.15,1.22,0
7,28.76,56.64,1,1,0.03,0.21,4.86,0.15,1.02,0
18,27.86,62.18,1,1,0.03,0.12,5.16,0.15,0.62,0
20,31.15,46.08,1,0,0.0,0.0,5.06,0.0,0.0,0
13,26.48,40.91,0,1,0.03,0.4,4.98,0.15,1.99,0
12,29.42,77.72,1,1,0.02,0.34,5.13,0.1,1.74,0
22,24.68,68.87,1,1,0.04,0.3,5.08,0.2,1.52,0
10,28.38,76.81,1,1,0.02,0.12,5.16,0.1,0.62,0
17,23.0,69.77,1,1,0.01,0.26,4.9,0.05,1.27,0
10,23.64,70.66,1,1,0.02,0.34,5.2,0.1,1.77,0
19,24.04,67.18,1,1,0.04,0.26,4.82,0.19,1.25,0
20,29.9,66.81,1,1,0.03,0.34,5.14,0.15,1.75,0
23,29.31,46.43,1,1,0.01,0.18,4.83,0.05,0.87,0
13,27.13,73.22,1,1,0.01,0.32,5.12,0.05,1.64,0
11,28.66,71.95,1,1,0.03,0.14,5.13,0.15,0.72,0
13,22.52,43.17,1,1,0.03,0.19,4.84,0.15,0.92,0
21,27.44,49.55,1,1,0.02,0.25,4.97,0.1,1.24,0
1,22.63,56.6,1,1,0.05,0.11,5.16,0.26,0.57,0
6,29.47,48.99,1,1,0.02,0.38,4.91,0.1,1.87,0
22,28.95,65.02,1,1,0.02,0.18,4.91,0.1,0.88,0
0,25.34,61.65,1,1,0.04,0.18,4.88,0.2,0.88,0
14,24.31,61.7,1,1,0.03,0.32,5.14,0.15,1.64,0
16,22.94,43.71,1,1,0.02,0.15,5.19,0.1,0.78,0
15,25.29,62.54,1,1,0.04,0.37,4.93,0.2,1.82,0
14,28.86,69.65,1,1,0.03,0.22,4.93,0.15,1.08,0
4,24.47,70.75,1,0,0.0,0.0,5.02,0.0,0.0,0
9,29.27,40.75,0,1,0.04,0.31,5.03,0.2,1.56,0
13,30.23,66.21,1,1,0.05,0.4,5.09,0.25,2.04,0
17,22.22,59.04,1,1,0.01,0.39,5.17,0.05,2.02,0
1,31.77,61.38,1,1,0.03,0.24,4.82,0.14,1.16,0
11,26.1,78.31,1,1,0.02,0.25,5.0,0.1,1.25,0
14,22.58,73.77,1,1,0.02,0.18,4.92,0.1,0.89,0
5,31.89,58.95,1,0,0.0,0.0,4.92,0.0,0.0,0
0,31.27,60.26,0,0,0.0,0.15,4.97,0.0,0.75,1
23,26.57,45.33,0,0,0.0,0.0,5.13,0.0,0.0,0
20,27.22,69.14,0,1,0.03,0.18,5.09,0.15,0.92,0
0,29.38,60.3,1,0,0.0,0.0,4.99,0.0,0.0,0
16,24.27,69.71,0,1,0.03,0.16,4.89,0.15,0.78,0
3,24.96,43.19,1,1,0.04,0.16,5.13,0.21,0.82,0
19,22.91,47.11,1,0,0.0,0.0,4.94,0.0,0.0,0
13,29.08,71.8,0,1,0.02,0.36,5.17,0.1,1.86,0
8,24.19,73.62,1,1,0.03,0.3,4.88,0.15,1.46,0
1,31.18,76.62,1,1,0.02,0.15,5.04,0.1,0.76,0
9,26.68,67.66,1,1,0.02,0.14,5.18,0.1,0.73,0
4,27.36,40.46,1,1,0.05,0.33,4.97,0.25,1.64,0
9,25.29,61.93,1,1,0.04,0.12,4.92,0.2,0.59,0
7,30.76,63.86,1,0,0.0,0.0,5.18,0.0,0.0,0
13,31.03,41.95,0,0,0.0,0.0,5.04,0.0,0.0,0
23,27.17,46.71,0,1,0.04,0.24,5.16,0.21,1.24,0
13,23.69,40.45,1,1,0.02,0.34,4.8,0.1,1.63,0
7,30.83,77.43,1,1,0.03,0.24,4.96,0.15,1.19,0
15,26.07,45.23,1,1,0.03,0.16,5.2,0.16,0.83,0
18,25.08,47.49,1,1,0.04,0.19,4.84,0.19,0.92,0
14,23.88,60.24,1,1,0.02,0.36,5.02,0.1,1.81,0
14,28.19,65.38,1,1,0.04,0.38,5.19,0.21,1.97,0
11,31.38,43.27,1,1,0.02,0.36,4.92,0.1,1.77,0
22,22.37,65.0,1,1,0.02,0.16,4.93,0.1,0.79,0
5,29.64,40.6,1,1,0.03,0.31,4.82,0.14,1.49,0
23,28.82,45.05,1,1,0.04,0.16,4.92,0.2,0.79,0
15,28.58,51.12,1,1,0.01,0.23,5.04,0.05,1.16,0
0,29.51,45.28,1,1,0.01,0.34,5.01,0.05,1.7,0
20,28.33,79.47,1,1,0.05,0.35,4.97,0.25,1.74,0
9,23.76,48.52,1,1,0.02,0.32,5.2,0.1,1.66,0
13,27.86,74.2,1,1,0.02,0.17,4.97,0.1,0.84,0
21,28.98,54.53,1,1,0.05,0.31,4.87,0.24,1.51,0
8,28.79,71.79,1,1,0.01,0.36,5.11,0.05,1.84,0
3,26.14,67.95,1,1,0.04,0.4,5.17,0.21,2.07,0
4,30.07,52.68,1,1,0.01,0.28,4.82,0.05,1.35,0
7,31.43,46.69,1,1,0.02,0.16,5.08,0.1,0.81,0
16,29.85,69.5,1,1,0.03,0.11,5.12,0.15,0.56,0
10,23.31,68.34,1,1,0.04,0.12,4.86,0.19,0.58,0
3,23.14,51.87,1,1,0.04,0.39,4.83,0.19,1.88,0
4,26.28,67.12,1,1,0.02,0.33,5.16,0.1,1.7,0
21,31.06,41.85,1,1,0.02,0.13,4.82,0.1,0.63,0
9,31.26,52.17,1,1,0.02,0.19,4.88,0.1,0.93,0
3,27.91,65.71,1,1,0.02,0.18,4.87,0.1,0.88,0
4,25.7,73.98,1,1,0.02,0.27,5.17,0.1,1.4,0
23,29.03,56.65,1,1,0.02,0.31,5.12,0.1,1.59,0
4,27.45,47.25,1,1,0.02,0.15,5.09,0.1,0.76,0
2,22.1,59.98,1,0,0.0,0.0,5.09,0.0,0.0,0
7,28.46,69.2,0,0,0.0,0.0,4.89,0.0,0.0,0
9,28.08,43.68,0,0,0.0,0.0,4.85,0.0,0.0,0
19,27.25,71.61,0,0,0.0,0.0,5.2,0.0,0.0,0
19,26.51,64.89,0,0,0.0,0.0,4.94,0.0,0.0,0
18,27.54,41.75,0,0,0.0,0.0,5.14,0.0,0.0,0
16,26.42,46.38,0,0,0.0,0.0,5.07,0.0,0.0,0
9,31.76,79.88,0,1,0.03,0.39,4.94,0.15,1.93,0
15,30.34,40.39,1,1,0.03,0.18,4.9,0.15,0.88,0
11,30.55,56.78,1,1,0.01,0.4,5.02,0.05,2.01,0
17,27.87,56.52,1,1,0.03,0.21,5.13,0.15,1.08,0
22,27.45,74.33,1,1,0.04,0.16,4.81,0.19,0.77,0
12,27.22,45.65,1,1,0.02,0.4,5.17,0.1,2.07,0
1,28.14,69.57,1,0,0.01,0.0,5.13,0.05,0.0,1
5,24.47,40.28,0,0,0.0,0.0,4.87,0.0,0.0,0
12,31.83,54.98,0,1,0.02,0.39,4.85,0.1,1.89,0
0,26.31,65.61,1,1,0.02,0.33,4.83,0.1,1.59,0
2,30.76,57.9,1,1,0.02,0.29,4.86,0.1,1.41,0
10,24.37,75.86,1,1,0.02,0.31,5.18,0.1,1.61,0
16,29.08,50.7,1,1,0.03,0.18,5.05,0.15,0.91,0
13,27.19,64.39,1,1,0.03,0.39,5.16,0.15,2.01,0
21,29.38,43.49,1,1,0.05,0.24,4.86,0.24,1.17,0
6,26.88,57.4,1,0,0.0,0.0,4.92,0.0,0.0,0
10,30.55,70.94,0,0,0.03,0.1,4.99,0.15,0.5,1
8,22.13,79.43,0,0,0.0,0.0,4.84,0.0,0.0,0
18,28.43,56.62,0,0,0.0,0.35,5.02,0.0,1.76,1
22,31.32,61.73,0,0,0.0,0.0,5.01,0.0,0.0,0
11,29.48,53.75,0,1,0.05,0.25,5.04,0.25,1.26,0
2,28.83,43.45,1,0,0.02,0.28,4.85,0.1,1.36,1
9,31.66,64.39,0,1,0.02,0.21,5.13,0.1,1.08,0
9,28.37,50.53,1,1,0.02,0.29,4.98,0.1,1.44,0
12,27.85,48.4,1,1,0.03,0.3,5.17,0.16,1.55,0
12,25.24,53.14,1,1,0.03,0.36,4.98,0.15,1.79,0
0,28.08,61.76,1,1,0.04,0.24,5.11,0.2,1.23,0
12,22.05,64.11,1,1,0.03,0.4,5.07,0.15,2.03,0
20,26.09,54.83,1,1,0.03,0.24,4.85,0.15,1.16,0
11,27.46,73.47,1,1,0.04,0.29,4.85,0.19,1.41,0
1,26.78,61.32,1,1,0.03,0.34,4.86,0.15,1.65,0
21,29.55,74.55,1,0,0.0,0.0,4.87,0.0,0.0,0
19,28.78,48.73,0,0,0.0,0.25,5.11,0.0,1.28,1
9,28.5,61.37,0,1,0.03,0.19,5.03,0.15,0.96,0
20,28.73,76.01,1,1,0.02,0.2,4.88,0.1,0.98,0
14,25.25,62.77,1,1,0.02,0.1,5.17,0.1,0.52,0
12,25.77,57.81,1,1,0.03,0.17,5.16,0.15,0.88,0
22,27.36,62.57,1,1,0.04,0.2,5.16,0.21,1.03,0
18,30.68,79.17,1,1,0.04,0.12,4.97,0.2,0.6,0
5,28.41,52.55,1,1,0.03,0.28,4.85,0.15,1.36,0
11,27.25,52.36,1,1,0.01,0.18,4.98,0.05,0.9,0
2,28.54,62.98,1,1,0.02,0.28,4.9,0.1,1.37,0
8,23.8,75.76,1,1,0.04,0.32,5.07,0.2,1.62,0
14,23.88,52.45,1,1,0.02,0.36,4.93,0.1,1.77,0
11,25.43,68.95,1,1,0.05,0.29,4.95,0.25,1.44,0
10,28.66,47.19,1,1,0.03,0.35,4.91,0.15,1.72,0
18,31.57,72.91,1,1,0.04,0.33,5.03,0.2,1.66,0
12,22.87,68.77,1,1,0.02,0.39,5.0,0.1,1.95,0
2,26.56,41.86,1,1,0.05,0.3,4.91,0.25,1.47,0
10,30.0,64.34,1,1,0.02,0.17,5.06,0.1,0.86,0
16,29.1,78.12,1,1,0.04,0.16,5.04,0.2,0.81,0
15,30.56,60.5,1,0,0.0,0.0,5.1,0.0,0.0,0
0,30.44,41.06,0,0,0.0,0.0,5.12,0.0,0.0,0
7,24.0,58.73,0,0,0.0,0.0,5.2,0.0,0.0,0
22,30.39,64.11,0,1,0.04,0.24,4.82,0.19,1.16,0
6,28.79,73.82,1,0,0.0,0.0,4.98,0.0,0.0,0
6,30.49,62.2,0,0,0.0,0.0,5.14,0.0,0.0,0
21,28.49,54.8,0,0,0.0,0.0,4.81,0.0,0.0,0
19,25.64,41.51,0,0,0.0,0.0,5.05,0.0,0.0,0
16,29.42,54.53,0,1,0.02,0.26,4.99,0.1,1.3,0
16,26.73,41.82,1,1,0.04,0.34,5.2,0.21,1.77,0
8,24.19,47.59,1,1,0.03,0.36,5.08,0.15,1.83,0
13,26.27,62.63,1,1,0.05,0.18,4.81,0.24,0.87,0
17,25.13,64.53,1,1,0.02,0.28,5.18,0.1,1.45,0
7,28.13,46.21,1,1,0.02,0.24,4.96,0.1,1.19,0
6,24.26,63.47,1,1,0.03,0.19,5.16,0.15,0.98,0
10,22.54,59.78,1,1,0.05,0.31,4.86,0.24,1.51,0
5,28.65,47.26,1,1,0.02,0.32,5.16,0.1,1.65,0
1,24.07,73.24,1,1,0.03,0.18,5.11,0.15,0.92,0
13,28.26,42.48,1,0,0.0,0.0,4.9,0.0,0.0,0
20,22.88,70.7,0,0,0.0,0.0,5.12,0.0,0.0,0
18,28.69,66.76,0,1,0.02,0.32,5.02,0.1,1.61,0
3,31.91,64.13,1,0,0.0,0.0,5.14,0.0,0.0,0
2,29.13,52.8,0,0,0.0,0.0,4.9,0.0,0.0,0
4,22.05,65.57,0,0,0.0,0.0,5.15,0.0,0.0,0
9,25.08,79.45,0,1,0.05,0.33,5.0,0.25,1.65,0
17,27.33,60.82,1,1,0.03,0.14,5.1,0.15,0.71,0
21,24.32,49.25,1,1,0.05,0.39,4.94,0.25,1.93,0
7,27.23,44.68,1,1,0.05,0.31,5.17,0.26,1.6,0
3,29.33,42.59,1,1,0.02,0.4,5.01,0.1,2.0,0
7,25.41,48.5,1,1,0.03,0.25,4.9,0.15,1.23,0
16,28.21,54.26,1,1,0.01,0.38,5.05,0.05,1.92,0
9,30.92,75.94,1,1,0.04,0.19,5.05,0.2,0.96,0
1,31.4,41.11,1,0,0.0,0.0,4.84,0.0,0.0,0
23,23.94,67.3,0,0,0.0,0.0,5.01,0.0,0.0,0
13,28.9,55.92,0,0,0.0,0.0,4.82,0.0,0.0,0
17,24.6,40.86,0,1,0.04,0.27,5.01,0.2,1.35,0
6,25.04,53.28,1,0,0.0,0.0,4.94,0.0,0.0,0
6,31.33,58.17,0,0,0.0,0.0,5.09,0.0,0.0,0
14,28.98,51.19,0,1,0.02,0.27,4.97,0.1,1.34,0
4,28.5,68.12,1,1,0.05,0.15,4.87,0.24,0.73,0
11,26.68,49.74,1,1,0.04,0.26,5.11,0.2,1.33,0
14,29.46,78.4,1,1,0.02,0.35,4.87,0.1,1.7,0
17,27.52,65.16,1,1,0.05,0.13,4.85,0.24,0.63,0
0,26.7,49.36,1,1,0.01,0.37,5.03,0.05,1.86,0
10,31.71,42.08,1,1,0.04,0.2,4.83,0.19,0.97,0
6,31.53,65.36,1,1,0.03,0.32,5.05,0.15,1.62,0
7,25.34,77.08,1,0,0.0,0.0,4.93,0.0,0.0,0
13,26.36,48.84,0,1,0.04,0.18,5.03,0.2,0.91,0
4,27.45,79.79,1,1,0.01,0.2,5.01,0.05,1.0,0
1,26.94,70.06,1,1,0.02,0.13,4.96,0.1,0.64,0
8,23.24,74.83,1,1,0.05,0.36,4.94,0.25,1.78,0
9,24.18,49.34,1,1,0.04,0.27,4.96,0.2,1.34,0
5,30.37,64.86,1,1,0.04,0.26,5.06,0.2,1.32,0
7,28.97,52.24,1,1,0.03,0.31,5.14,0.15,1.59,0
19,29.31,45.13,1,1,0.05,0.28,5.2,0.26,1.46,0
12,24.36,70.64,1,1,0.02,0.33,5.12,0.1,1.69,0
10,24.15,69.52,1,1,0.02,0.11,4.86,0.1,0.53,0
19,23.2,66.15,1,0,0.0,0.0,5.15,0.0,0.0,0
20,28.35,41.13,0,0,0.0,0.0,4.84,0.0,0.0,0
19,24.39,59.29,0,0,0.0,0.0,4.97,0.0,0.0,0
0,25.82,54.87,0,0,0.03,0.0,5.17,0.16,0.0,1
9,22.55,61.56,0,1,0.02,0.27,4.98,0.1,1.34,0
17,31.22,69.26,1,1,0.03,0.27,5.19,0.16,1.4,0
3,28.84,63.02,1,0,0.0,0.0,4.91,0.0,0.0,0
3,25.75,72.94,0,0,0.0,0.0,5.1,0.0,0.0,0
17,27.93,60.2,0,1,0.03,0.27,5.16,0.15,1.39,0
14,24.84,51.27,1,0,0.0,0.0,4.98,0.0,0.0,0
8,31.48,63.16,0,0,0.0,0.0,4.88,0.0,0.0,0
12,28.57,45.98,0,1,0.03,0.25,5.06,0.15,1.26,0
13,25.63,40.02,1,1,0.02,0.31,4.98,0.1,1.54,0
15,23.81,59.8,1,0,0.0,0.0,5.08,0.0,0.0,0
17,29.08,64.55,0,1,0.04,0.11,5.1,0.2,0.56,0
23,25.48,64.92,1,1,0.04,0.16,4.98,0.2,0.8,0
8,28.86,68.6,1,1,0.02,0.24,4.91,0.1,1.18,0
15,29.55,68.36,1,1,0.05,0.28,5.18,0.26,1.45,0
20,27.27,68.69,1,1,0.01,0.22,5.06,0.05,1.11,0
10,24.25,45.89,1,0,0.0,0.0,5.1,0.0,0.0,0
2,23.67,66.68,0,0,0.0,0.0,5.16,0.0,0.0,0
7,22.44,66.98,0,0,0.0,0.0,4.93,0.0,0.0,0
11,25.64,57.45,0,0,0.0,0.0,4.8,0.0,0.0,0
18,22.27,58.23,0,0,0.0,0.0,5.08,0.0,0.0,0
1,26.52,73.7,0,0,0.0,0.0,4.82,0.0,0.0,0
17,27.05,44.87,0,1,0.04,0.13,4.87,0.19,0.63,0
3,24.31,42.1,1,0,0.0,0.0,4.83,0.0,0.0,0
0,26.62,60.12,0,0,0.0,0.0,5.18,0.0,0.0,0
21,30.34,58.05,0,0,0.0,0.0,4.84,0.0,0.0,0
5,23.21,54.23,0,0,0.0,0.22,5.11,0.0,1.12,1
9,31.99,77.25,0,1,0.01,0.25,5.09,0.05,1.27,0
3,31.49,65.83,1,1,0.01,0.22,5.2,0.05,1.14,0
9,24.52,77.86,1,1,0.02,0.26,5.1,0.1,1.33,0
10,26.49,45.49,1,1,0.02,0.16,5.08,0.1,0.81,0
8,31.25,53.75,1,1,0.04,0.2,5.09,0.2,1.02,0
14,25.54,42.12,1,1,0.04,0.18,5.13,0.21,0.92,0
1,30.63,45.8,1,1,0.04,0.11,5.12,0.2,0.56,0
1,23.32,44.0,1,1,0.05,0.23,4.93,0.25,1.13,0
6,22.88,73.76,1,1,0.04,0.34,4.87,0.19,1.66,0
9,25.1,68.77,1,1,0.02,0.1,4.81,0.1,0.48,0
11,25.74,68.96,1,1,0.03,0.34,4.88,0.15,1.66,0
1,28.24,48.45,1,1,0.03,0.17,4.87,0.15,0.83,0
15,29.1,73.7,1,1,0.03,0.38,5.02,0.15,1.91,0
11,25.27,57.63,1,1,0.04,0.22,4.84,0.19,1.06,0
19,24.36,74.48,1,1,0.01,0.33,4.83,0.05,1.59,0
20,22.14,75.62,1,1,0.02,0.36,4.9,0.1,1.76,0
4,30.17,42.47,1,0,0.0,0.0,4.82,0.0,0.0,0
0,22.68,62.25,0,0,0.0,0.0,5.16,0.0,0.0,0
21,22.87,52.9,0,0,0.0,0.0,4.93,0.0,0.0,0
23,25.6,50.63,0,0,0.0,0.0,5.15,0.0,0.0,0
4,29.49,70.48,0,1,0.01,0.33,4.85,0.05,1.6,0
18,26.44,51.19,1,1,0.03,0.39,5.15,0.15,2.01,0
19,29.43,44.3,1,0,0.0,0.0,4.96,0.0,0.0,0
8,27.71,45.53,0,0,0.0,0.0,4.97,0.0,0.0,0
7,23.57,56.9,0,0,0.0,0.15,4.85,0.0,0.73,1
4,26.17,40.82,0,0,0.0,0.0,5.1,0.0,0.0,0
19,31.6,65.54,0,0,0.0,0.0,4.93,0.0,0.0,0
15,27.43,50.19,0,1,0.04,0.36,5.08,0.2,1.83,0
20,27.59,76.74,1,1,0.01,0.38,5.01,0.05,1.9,0
13,23.1,65.82,1,1,0.05,0.24,5.06,0.25,1.21,0
20,26.5,54.19,1,0,0.0,0.0,5.0,0.0,0.0,0
9,22.25,49.61,0,1,0.02,0.27,5.0,0.1,1.35,0
19,26.63,51.83,1,1,0.05,0.23,4.86,0.24,1.12,0
1,22.43,40.31,1,1,0.03,0.38,4.93,0.15,1.87,0
9,27.34,77.3,1,1,0.02,0.32,5.17,0.1,1.65,0
14,30.11,56.41,1,1,0.03,0.31,5.12,0.15,1.59,0
3,30.2,51.32,1,1,0.02,0.12,4.84,0.1,0.58,0
0,23.06,65.92,1,1,0.03,0.31,4.86,0.15,1.51,0
8,26.21,61.3,1,1,0.04,0.15,5.01,0.2,0.75,0
4,24.33,79.57,1,1,0.02,0.18,5.18,0.1,0.93,0
0,22.24,44.32,1,1,0.05,0.17,5.08,0.25,0.86,0
3,26.41,43.31,1,1,0.04,0.25,4.86,0.19,1.22,0
12,26.49,44.85,1,1,0.04,0.26,4.86,0.19,1.26,0
18,29.42,51.37,1,1,0.05,0.33,4.89,0.24,1.61,0
23,23.82,42.77,1,0,0.0,0.0,5.12,0.0,0.0,0
20,29.18,63.62,0,0,0.0,0.0,5.04,0.0,0.0,0
0,26.52,51.7,0,0,0.0,0.0,4.92,0.0,0.0,0
18,27.51,55.54,0,1,0.02,0.4,4.84,0.1,1.94,0
16,31.12,50.16,1,1,0.03,0.18,4.83,0.14,0.87,0
18,23.56,61.32,1,1,0.03,0.24,4.89,0.15,1.17,0
0,30.89,77.26,1,1,0.02,0.16,4.97,0.1,0.8,0
14,30.14,48.09,1,1,0.04,0.34,5.08,0.2,1.73,0
8,22.23,74.32,1,1,0.05,0.34,4.85,0.24,1.65,0
14,23.42,59.95,1,1,0.05,0.12,4.87,0.24,0.58,0
20,31.66,42.86,1,1,0.02,0.21,5.05,0.1,1.06,0
7,25.97,56.44,1,1,0.02,0.13,4.98,0.1,0.65,0
12,26.34,62.57,1,0,0.0,0.0,4.82,0.0,0.0,0
13,26.54,59.66,0,1,0.02,0.36,5.06,0.1,1.82,0
3,24.2,58.22,1,0,0.0,0.0,4.95,0.0,0.0,0
18,31.19,75.02,0,1,0.03,0.21,4.93,0.15,1.04,0
6,24.31,53.54,1,1,0.01,0.32,5.1,0.05,1.63,0
8,31.8,50.23,1,0,0.0,0.12,5.11,0.0,0.61,1
2,29.8,65.29,0,0,0.0,0.0,5.19,0.0,0.0,0
11,27.11,70.47,0,1,0.04,0.17,5.06,0.2,0.86,0
12,27.17,74.93,1,1,0.02,0.11,4.94,0.1,0.54,0
5,22.3,66.88,1,1,0.02,0.33,5.02,0.1,1.66,0
2,22.94,72.21,1,1,0.03,0.37,5.0,0.15,1.85,0
21,29.7,67.12,1,1,0.04,0.23,5.01,0.2,1.15,0
11,28.23,52.99,1,0,0.0,0.0,5.09,0.0,0.0,0
22,29.96,72.46,0,0,0.0,0.0,5.1,0.0,0.0,0
12,30.3,46.81,0,0,0.0,0.0,5.18,0.0,0.0,0
9,23.1,53.44,0,0,0.0,0.0,4.99,0.0,0.0,0
8,28.48,67.56,0,0,0.0,0.0,5.09,0.0,0.0,0
14,27.49,48.76,0,0,0.0,0.0,4.96,0.0,0.0,0
23,25.19,75.69,0,0,0.05,0.0,5.09,0.25,0.0,1
17,23.4,45.48,0,0,0.0,0.0,5.14,0.0,0.0,0
13,28.36,77.84,0,1,0.01,0.33,4.86,0.05,1.6,0
19,26.15,67.18,1,1,0.04,0.21,4.9,0.2,1.03,0
8,30.24,41.09,1,1,0.01,0.26,4.91,0.05,1.28,0
21,22.26,56.72,1,1,0.02,0.27,5.05,0.1,1.36,0
9,30.83,54.93,1,1,0.05,0.4,4.8,0.24,1.92,0
16,25.58,63.92,1,0,0.0,0.0,4.86,0.0,0.0,0
8,24.79,65.25,0,0,0.0,0.35,5.0,0.0,1.75,1
17,27.12,68.95,0,0,0.0,0.0,4.86,0.0,0.0,0
20,29.99,60.42,0,0,0.0,0.0,5.17,0.0,0.0,0
6,30.57,62.74,0,0,0.0,0.0,4.98,0.0,0.0,0
17,29.57,61.95,0,0,0.0,0.0,5.05,0.0,0.0,0
15,26.71,42.06,0,0,0.0,0.0,5.13,0.0,0.0,0
6,22.69,65.05,0,0,0.0,0.0,4.97,0.0,0.0,0
14,25.22,46.7,0,1,0.05,0.27,4.81,0.24,1.3,0
1,24.85,44.89,1,1,0.03,0.1,5.05,0.15,0.51,0
17,31.79,68.85,1,1,0.01,0.13,4.99,0.05,0.65,0
9,23.31,40.68,1,1,0.03,0.36,5.08,0.15,1.83,0
14,22.86,78.5,1,1,0.03,0.29,5.05,0.15,1.46,0
19,24.44,72.8,1,1,0.04,0.29,5.16,0.21,1.5,0
16,26.47,70.0,1,1,0.04,0.26,4.98,0.2,1.29,0
7,30.82,47.71,1,1,0.03,0.31,5.06,0.15,1.57,0
3,22.59,78.01,1,1,0.05,0.27,5.06,0.25,1.37,0
1,30.7,73.55,1,1,0.02,0.16,5.06,0.1,0.81,0
2,29.76,43.39,1,1,0.05,0.37,4.85,0.24,1.79,0
11,27.42,73.79,1,1,0.01,0.29,5.04,0.05,1.46,0
8,26.16,53.97,1,1,0.05,0.14,5.14,0.26,0.72,0
21,31.72,63.49,1,0,0.0,0.0,5.05,0.0,0.0,0
17,30.69,75.97,0,1,0.02,0.26,4.98,0.1,1.29,0
20,29.3,70.96,1,1,0.02,0.36,4.95,0.1,1.78,0
14,27.37,61.39,1,1,0.01,0.12,5.05,0.05,0.61,0
11,25.46,73.48,1,1,0.03,0.29,5.14,0.15,1.49,0
17,22.09,40.54,1,1,0.04,0.35,4.85,0.19,1.7,0
2,28.65,65.52,1,1,0.03,0.21,4.83,0.14,1.01,0
13,30.23,50.41,1,1,0.03,0.4,4.88,0.15,1.95,0
2,29.07,60.28,1,1,0.02,0.3,5.07,0.1,1.52,0
4,28.19,73.75,1,1,0.04,0.35,5.15,0.21,1.8,0
3,27.54,57.1,1,1,0.02,0.11,4.89,0.1,0.54,0
2,27.31,57.2,1,1,0.02,0.16,4.92,0.1,0.79,0
20,30.31,67.12,1,1,0.02,0.17,5.14,0.1,0.87,0
17,30.75,45.72,1,1,0.01,0.33,4.94,0.05,1.63,0
23,29.62,40.29,1,1,0.04,0.18,4.83,0.19,0.87,0
3,26.21,42.09,1,1,0.03,0.26,5.05,0.15,1.31,0
18,24.75,66.2,1,1,0.03,0.31,4.96,0.15,1.54,0
18,29.58,73.39,1,1,0.04,0.26,4.85,0.19,1.26,0
0,29.37,66.69,1,1,0.03,0.3,5.19,0.16,1.56,0
2,28.16,68.65,1,1,0.02,0.28,4.89,0.1,1.37,0
4,23.39,67.53,1,0,0.0,0.14,5.19,0.0,0.73,1
8,27.62,61.57,0,0,0.0,0.0,4.94,0.0,0.0,0
22,29.89,45.32,0,0,0.0,0.0,5.16,0.0,0.0,0
13,26.16,41.5,0,1,0.03,0.14,4.82,0.14,0.67,0
18,23.0,67.8,1,1,0.02,0.33,4.98,0.1,1.64,0
3,30.57,46.27,1,1,0.04,0.25,4.92,0.2,1.23,0
14,26.71,47.79,1,1,0.02,0.21,5.12,0.1,1.08,0
3,22.61,79.21,1,1,0.03,0.21,5.16,0.15,1.08,0
8,25.13,48.82,1,1,0.01,0.29,5.09,0.05,1.48,0
5,28.72,46.52,1,1,0.01,0.17,4.99,0.05,0.85,0
5,22.5,43.96,1,1,0.02,0.38,5.05,0.1,1.92,0
14,23.84,43.18,1,1,0.01,0.21,4.97,0.05,1.04,0
13,30.0,58.7,1,1,0.02,0.37,4.98,0.1,1.84,0
19,24.81,51.81,1,1,0.02,0.12,5.14,0.1,0.62,0
6,30.92,74.06,1,1,0.01,0.14,5.09,0.05,0.71,0
5,27.67,44.16,1,1,0.03,0.17,5.14,0.15,0.87,0
6,25.06,48.38,1,1,0.04,0.13,5.04,0.2,0.66,0
8,24.67,73.79,1,1,0.03,0.2,4.82,0.14,0.96,0
4,28.07,43.63,1,1,0.04,0.39,4.81,0.19,1.88,0
1,29.31,60.92,1,1,0.04,0.16,5.14,0.21,0.82,0
4,28.43,53.17,1,1,0.01,0.22,5.11,0.05,1.12,0
13,26.49,44.25,1,1,0.03,0.16,5.1,0.15,0.82,0
14,24.83,77.15,1,1,0.03,0.27,5.05,0.15,1.36,0
21,31.72,40.3,1,1,0.03,0.3,4.84,0.15,1.45,0
23,28.1,40.48,1,1,0.03,0.22,4.81,0.14,1.06,0
21,31.83,76.37,1,1,0.02,0.12,4.95,0.1,0.59,0
2,31.63,52.7,1,1,0.04,0.19,4.96,0.2,0.94,0
5,30.92,50.26,1,1,0.03,0.12,4.91,0.15,0.59,0
11,25.22,46.89,1,1,0.01,0.38,4.96,0.05,1.88,0
10,25.95,68.64,1,1,0.03,0.2,5.13,0.15,1.03,0
13,22.49,61.21,1,1,0.04,0.17,4.81,0.19,0.82,0
2,22.18,54.48,1,1,0.03,0.36,5.1,0.15,1.84,0
23,28.11,44.53,1,1,0.02,0.11,5.11,0.1,0.56,0
4,26.08,58.7,1,1,0.04,0.23,4.97,0.2,1.14,0
3,22.15,79.93,1,1,0.02,0.17,5.13,0.1,0.87,0
12,31.52,54.27,1,1,0.02,0.18,4.88,0.1,0.88,0
14,26.02,40.85,1,1,0.03,0.14,5.15,0.15,0.72,0
22,25.07,46.31,1,1,0.04,0.32,4.97,0.2,1.59,0
12,30.65,58.25,1,1,0.02,0.31,4.81,0.1,1.49,0
16,25.87,76.97,1,1,0.01,0.34,4.84,0.05,1.65,0
17,25.11,60.73,1,1,0.03,0.22,4.87,0.15,1.07,0
1,30.29,65.06,1,1,0.04,0.35,5.14,0.21,1.8,0
17,24.11,62.17,1,1,0.05,0.16,4.97,0.25,0.8,0
17,23.47,44.65,1,1,0.03,0.33,4.93,0.15,1.63,0
18,22.68,40.52,1,1,0.04,0.18,4.91,0.2,0.88,0
0,23.62,79.29,1,0,0.0,0.0,5.1,0.0,0.0,0
8,27.7,40.66,0,0,0.0,0.14,4.96,0.0,0.69,1
8,28.56,68.33,0,0,0.0,0.0,5.04,0.0,0.0,0
10,26.92,49.44,0,1,0.03,0.14,4.86,0.15,0.68,0
8,31.62,76.5,1,1,0.02,0.15,4.86,0.1,0.73,0
4,24.6,62.18,1,1,0.02,0.34,5.16,0.1,1.75,0
4,27.39,63.0,1,1,0.04,0.23,4.84,0.19,1.11,0
13,31.78,68.46,1,1,0.01,0.29,5.18,0.05,1.5,0
20,28.73,76.01,1,1,0.02,0.39,4.81,0.1,1.88,0
8,30.02,51.84,1,1,0.03,0.23,4.88,0.15,1.12,0
23,22.58,72.18,1,1,0.04,0.18,5.14,0.21,0.93,0
4,27.83,40.95,1,1,0.02,0.25,5.19,0.1,1.3,0
10,31.04,40.12,1,1,0.02,0.35,5.07,0.1,1.77,0
10,30.96,77.16,1,1,0.03,0.33,4.94,0.15,1.63,0
2,30.32,66.61,1,1,0.04,0.16,5.18,0.21,0.83,0
18,23.24,74.27,1,1,0.02,0.24,4.97,0.1,1.19,0
7,24.22,73.08,1,1,0.03,0.29,5.13,0.15,1.49,0
6,22.3,64.72,1,1,0.05,0.32,4.82,0.24,1.54,0
17,31.75,40.68,1,1,0.03,0.32,5.06,0.15,1.62,0
7,23.92,75.77,1,1,0.01,0.36,5.03,0.05,1.81,0
18,22.08,64.93,1,1,0.01,0.38,4.9,0.05,1.86,0
3,23.64,51.96,1,1,0.03,0.12,4.84,0.15,0.58,0
12,24.04,56.09,1,1,0.01,0.11,4.84,0.05,0.53,0
17,24.69,47.09,1,1,0.04,0.32,4.93,0.2,1.58,0
12,26.95,72.96,1,1,0.03,0.33,4.8,0.14,1.58,0
6,24.62,64.1,1,1,0.04,0.37,5.19,0.21,1.92,0
6,23.93,71.01,1,1,0.03,0.34,5.16,0.15,1.75,0
19,25.98,65.96,1,1,0.02,0.21,4.91,0.1,1.03,0
10,30.98,77.93,1,1,0.01,0.11,4.97,0.05,0.55,0
17,28.83,45.0,1,0,0.0,0.0,4.97,0.0,0.0,0
10,27.3,78.75,0,1,0.03,0.2,4.88,0.15,0.98,0
7,28.16,49.49,1,1,0.02,0.15,5.19,0.1,0.78,0
7,24.02,53.19,1,0,0.03,0.0,5.02,0.15,0.0,1
9,28.27,48.37,0,1,0.05,0.34,5.04,0.25,1.71,0
11,27.63,41.95,1,1,0.02,0.13,4.91,0.1,0.64,0
11,27.33,40.09,1,1,0.03,0.33,4.81,0.14,1.59,0
2,29.06,40.86,1,0,0.0,0.0,4.94,0.0,0.0,0
23,24.28,77.79,0,0,0.0,0.0,4.87,0.0,0.0,0
5,28.52,74.33,0,0,0.0,0.0,5.15,0.0,0.0,0
14,23.67,70.62,0,1,0.04,0.34,4.96,0.2,1.69,0
18,30.06,55.82,1,1,0.03,0.34,5.15,0.15,1.75,0
19,22.14,59.13,1,0,0.0,0.0,5.13,0.0,0.0,0
14,24.85,61.96,0,1,0.04,0.31,5.16,0.21,1.6,0
4,22.21,69.16,1,1,0.01,0.12,5.07,0.05,0.61,0
18,22.58,52.66,1,1,0.04,0.16,5.13,0.21,0.82,0
22,31.91,67.66,1,1,0.05,0.1,4.96,0.25,0.5,0
14,28.38,40.65,1,1,0.03,0.24,4.95,0.15,1.19,0
21,28.45,40.75,1,1,0.01,0.16,5.1,0.05,0.82,0
16,28.14,64.45,1,1,0.04,0.36,5.05,0.2,1.82,0
14,28.49,71.43,1,1,0.01,0.34,5.19,0.05,1.76,0
18,29.7,46.93,1,1,0.01,0.21,4.95,0.05,1.04,0
12,25.22,41.85,1,1,0.04,0.3,5.14,0.21,1.54,0
21,22.18,77.07,1,1,0.03,0.27,5.1,0.15,1.38,0
13,26.99,54.5,1,1,0.04,0.13,5.0,0.2,0.65,0
10,24.07,49.49,1,1,0.04,0.3,5.01,0.2,1.5,0
19,29.86,78.4,1,1,0.01,0.18,5.02,0.05,0.9,0
12,29.37,68.56,1,1,0.01,0.19,5.08,0.05,0.97,0
2,24.01,72.86,1,1,0.02,0.39,5.16,0.1,2.01,0
2,30.85,45.36,1,1,0.03,0.16,5.19,0.16,0.83,0
8,27.17,77.21,1,1,0.04,0.22,5.01,0.2,1.1,0
8,25.98,72.04,1,1,0.03,0.22,4.81,0.14,1.06,0
3,28.94,77.11,1,1,0.01,0.35,5.19,0.05,1.82,0
7,22.71,65.84,1,1,0.02,0.25,5.0,0.1,1.25,0
23,30.29,73.33,1,1,0.02,0.26,4.93,0.1,1.28,0
2,29.87,74.96,1,0,0.01,0.4,4.84,0.05,1.94,1
4,27.42,58.1,0,0,0.0,0.0,4.89,0.0,0.0,0
2,28.35,79.64,0,0,0.0,0.0,5.04,0.0,0.0,0
11,25.55,67.04,0,1,0.05,0.25,4.95,0.25,1.24,0
10,23.4,53.21,1,1,0.03,0.37,4.88,0.15,1.81,0
7,23.48,71.8,1,1,0.01,0.11,4.87,0.05,0.54,0
19,28.71,55.43,1,1,0.05,0.12,4.91,0.25,0.59,0
11,23.36,53.39,1,1,0.01,0.35,4.99,0.05,1.75,0
1,23.22,75.94,1,1,0.03,0.32,5.15,0.15,1.65,0
18,31.0,65.56,1,0,0.0,0.0,4.9,0.0,0.0,0
12,29.19,63.44,0,1,0.04,0.23,4.82,0.19,1.11,0
11,30.58,78.3,1,1,0.03,0.32,5.19,0.16,1.66,0
4,25.1,70.98,1,1,0.02,0.35,4.99,0.1,1.75,0
13,27.63,67.62,1,1,0.04,0.12,4.86,0.19,0.58,0
23,30.51,70.94,1,1,0.02,0.39,5.12,0.1,2.0,0
11,29.56,63.56,1,1,0.04,0.15,4.89,0.2,0.73,0
12,23.48,78.99,1,1,0.04,0.2,5.05,0.2,1.01,0
5,30.23,59.28,1,1,0.03,0.2,4.84,0.15,0.97,0
16,25.38,71.32,1,1,0.02,0.2,4.99,0.1,1.0,0
16,23.41,64.99,1,1,0.05,0.4,5.16,0.26,2.06,0
18,28.38,60.84,1,1,0.03,0.12,5.07,0.15,0.61,0
19,31.09,53.47,1,1,0.02,0.14,4.99,0.1,0.7,0
21,28.93,57.85,1,1,0.05,0.33,4.99,0.25,1.65,0
2,31.73,55.15,1,1,0.05,0.36,5.06,0.25,1.82,0
12,30.89,45.33,1,1,0.02,0.3,5.11,0.1,1.53,0
19,31.62,47.73,1,1,0.02,0.24,4.94,0.1,1.19,0
8,31.33,44.94,1,1,0.01,0.2,5.19,0.05,1.04,0
19,24.15,76.28,1,1,0.02,0.15,5.19,0.1,0.78,0
15,31.01,76.9,1,1,0.04,0.17,5.01,0.2,0.85,0
3,30.01,57.7,1,1,0.02,0.12,5.04,0.1,0.6,0
2,26.0,43.44,1,1,0.04,0.27,5.1,0.2,1.38,0
21,22.9,62.57,1,1,0.04,0.14,5.18,0.21,0.73,0
19,22.31,78.95,1,0,0.0,0.0,4.81,0.0,0.0,0
18,29.46,40.92,0,0,0.0,0.0,5.18,0.0,0.0,0
14,31.72,58.02,0,1,0.04,0.39,4.81,0.19,1.88,0
13,25.06,64.23,1,1,0.01,0.23,4.83,0.05,1.11,0
1,28.59,74.23,1,1,0.01,0.22,4.92,0.05,1.08,0
18,23.33,75.49,1,1,0.04,0.11,5.14,0.21,0.57,0
13,23.45,51.86,1,1,0.05,0.25,4.84,0.24,1.21,0
15,23.58,67.64,1,1,0.04,0.28,5.18,0.21,1.45,0
2,27.59,64.95,1,1,0.03,0.16,4.91,0.15,0.79,0
18,23.37,71.68,1,1,0.04,0.35,4.95,0.2,1.73,0
5,27.2,70.97,1,0,0.0,0.0,5.08,0.0,0.0,0
13,26.95,44.77,0,0,0.0,0.0,4.93,0.0,0.0,0
7,25.37,59.01,0,0,0.0,0.0,5.09,0.0,0.0,0
2,25.34,58.46,0,0,0.0,0.0,5.14,0.0,0.0,0
4,26.96,46.26,0,0,0.04,0.0,5.0,0.2,0.0,1
7,27.08,71.63,0,0,0.0,0.0,5.15,0.0,0.0,0
21,23.93,73.55,0,0,0.0,0.0,5.08,0.0,0.0,0
13,24.53,55.96,0,1,0.01,0.3,4.95,0.05,1.49,0
7,22.43,68.33,1,1,0.04,0.19,5.2,0.21,0.99,0
9,30.54,53.5,1,1,0.02,0.28,4.85,0.1,1.36,0
10,26.72,70.15,1,1,0.03,0.29,4.86,0.15,1.41,0
23,26.2,79.06,1,1,0.04,0.21,5.0,0.2,1.05,0
9,30.87,47.24,1,1,0.04,0.3,5.1,0.2,1.53,0
1,25.33,68.38,1,1,0.05,0.16,4.97,0.25,0.8,0
7,22.43,72.75,1,0,0.0,0.0,4.94,0.0,0.0,0
0,25.71,79.32,0,0,0.0,0.0,5.0,0.0,0.0,0
3,23.82,54.39,0,0,0.0,0.0,5.0,0.0,0.0,0
20,26.97,76.69,0,0,0.0,0.0,5.01,0.0,0.0,0
14,29.78,69.19,0,1,0.05,0.24,5.15,0.26,1.24,0
2,30.78,59.74,1,0,0.0,0.0,5.01,0.0,0.0,0
2,28.38,41.68,0,0,0.0,0.29,5.06,0.0,1.47,1
23,28.84,61.06,0,0,0.0,0.0,4.89,0.0,0.0,0
8,27.16,45.33,0,0,0.02,0.0,4.97,0.1,0.0,1
7,31.7,57.5,0,0,0.0,0.0,5.15,0.0,0.0,0
13,24.97,59.29,0,1,0.03,0.31,5.03,0.15,1.56,0
23,31.21,42.66,1,1,0.04,0.32,4.81,0.19,1.54,0
4,24.31,50.6,1,1,0.02,0.16,4.85,0.1,0.78,0
3,31.99,44.8,1,1,0.01,0.35,4.91,0.05,1.72,0
10,26.54,56.22,1,1,0.03,0.26,5.05,0.15,1.31,0
14,23.76,78.29,1,1,0.02,0.36,4.86,0.1,1.75,0
13,28.42,45.64,1,1,0.02,0.18,5.01,0.1,0.9,0
4,31.77,69.33,1,1,0.02,0.4,5.16,0.1,2.06,0
0,27.31,58.32,1,1,0.05,0.38,4.8,0.24,1.82,0
13,29.06,44.55,1,1,0.03,0.21,5.0,0.15,1.05,0
11,30.47,58.17,1,1,0.02,0.25,4.9,0.1,1.23,0
5,28.31,42.37,1,0,0.0,0.0,5.11,0.0,0.0,0
16,30.35,62.71,0,1,0.04,0.21,4.91,0.2,1.03,0
1,28.49,44.49,1,1,0.04,0.3,5.12,0.2,1.54,0
6,26.01,43.69,1,1,0.03,0.2,4.8,0.14,0.96,0
15,30.9,57.16,1,1,0.05,0.15,4.92,0.25,0.74,0
6,29.1,51.93,1,1,0.02,0.26,4.91,0.1,1.28,0
17,24.87,50.08,1,1,0.03,0.34,4.98,0.15,1.69,0
2,30.83,54.41,1,1,0.03,0.16,5.11,0.15,0.82,0
20,25.14,71.07,1,1,0.04,0.12,5.09,0.2,0.61,0
11,29.67,72.11,1,1,0.02,0.17,4.85,0.1,0.82,0
23,23.37,44.72,1,1,0.05,0.32,5.03,0.25,1.61,0
21,23.25,62.36,1,1,0.04,0.21,5.05,0.2,1.06,0
5,26.45,56.91,1,1,0.02,0.32,4.98,0.1,1.59,0
19,25.52,62.79,1,1,0.04,0.14,5.13,0.21,0.72,0
10,30.49,46.43,1,1,0.04,0.21,4.93,0.2,1.04,0
2,28.88,49.14,1,1,0.01,0.24,4.91,0.05,1.18,0
22,26.33,46.48,1,0,0.0,0.0,5.1,0.0,0.0,0
18,31.96,78.2,0,0,0.0,0.0,4.96,0.0,0.0,0
14,25.68,62.68,0,1,0.04,0.27,4.95,0.2,1.34,0
15,26.6,67.0,1,1,0.02,0.17,4.99,0.1,0.85,0
13,22.87,68.57,1,1,0.02,0.17,5.05,0.1,0.86,0
4,23.63,75.98,1,1,0.05,0.3,4.85,0.24,1.45,0
9,25.39,48.24,1,0,0.02,0.0,4.85,0.1,0.0,1
8,30.88,66.56,0,0,0.0,0.0,5.16,0.0,0.0,0
18,25.65,74.7,0,1,0.01,0.36,4.97,0.05,1.79,0
23,29.69,51.9,1,1,0.03,0.38,5.15,0.15,1.96,0
20,27.6,40.73,1,1,0.03,0.17,5.19,0.16,0.88,0
11,28.42,50.01,1,1,0.05,0.4,4.92,0.25,1.97,0
9,26.3,50.17,1,1,0.03,0.27,4.95,0.15,1.34,0
6,29.35,60.55,1,1,0.02,0.14,5.01,0.1,0.7,0
17,28.99,59.94,1,1,0.02,0.18,5.1,0.1,0.92,0
22,29.15,64.71,1,1,0.05,0.28,4.97,0.25,1.39,0
10,26.56,58.13,1,1,0.02,0.2,4.84,0.1,0.97,0
14,30.18,52.33,1,1,0.01,0.26,4.94,0.05,1.28,0
20,23.49,49.07,1,1,0.05,0.3,5.01,0.25,1.5,0
6,23.89,67.25,1,1,0.03,0.34,4.84,0.15,1.65,0
6,25.48,42.14,1,1,0.03,0.34,5.02,0.15,1.71,0
20,23.34,71.84,1,1,0.02,0.27,5.18,0.1,1.4,0
19,23.59,42.39,1,1,0.05,0.24,5.18,0.26,1.24,0
2,23.53,78.6,1,1,0.01,0.17,4.81,0.05,0.82,0
16,25.53,79.73,1,1,0.04,0.17,4.94,0.2,0.84,0
20,23.71,60.42,1,1,0.02,0.37,4.88,0.1,1.81,0
17,27.76,78.13,1,1,0.01,0.32,4.85,0.05,1.55,0
3,31.27,69.6,1,1,0.01,0.31,4.95,0.05,1.53,0
4,25.37,75.24,1,1,0.01,0.1,5.04,0.05,0.5,0
8,27.63,51.97,1,1,0.02,0.34,4.99,0.1,1.7,0
6,23.09,50.21,1,1,0.02,0.34,4.8,0.1,1.63,0
15,30.24,52.18,1,1,0.04,0.11,5.09,0.2,0.56,0
1,25.09,56.96,1,1,0.03,0.33,4.97,0.15,1.64,0
16,31.6,77.45,1,1,0.02,0.14,4.98,0.1,0.7,0
12,29.8,43.99,1,1,0.04,0.28,4.92,0.2,1.38,0
20,29.35,58.94,1,1,0.04,0.33,5.02,0.2,1.66,0
13,24.03,54.01,1,1,0.05,0.32,4.99,0.25,1.6,0
20,30.52,58.24,1,1,0.03,0.3,5.16,0.15,1.55,0
11,24.38,71.63,1,1,0.04,0.28,5.16,0.21,1.44,0
6,23.01,53.43,1,1,0.01,0.21,4.97,0.05,1.04,0
23,28.72,58.33,1,1,0.02,0.1,4.92,0.1,0.49,0
10,26.92,47.44,1,1,0.03,0.17,4.92,0.15,0.84,0
13,26.77,54.94,1,0,0.0,0.0,5.19,0.0,0.0,0
2,27.42,50.56,0,0,0.0,0.0,5.0,0.0,0.0,0
20,28.77,59.98,0,0,0.0,0.0,4.86,0.0,0.0,0
23,22.19,74.63,0,1,0.04,0.28,5.07,0.2,1.42,0
12,23.3,49.03,1,1,0.04,0.4,5.14,0.21,2.06,0
3,26.85,52.63,1,1,0.04,0.15,4.89,0.2,0.73,0
17,30.42,71.2,1,1,0.02,0.33,5.05,0.1,1.67,0
5,24.5,59.71,1,0,0.0,0.0,5.04,0.0,0.0,0
23,29.65,57.26,0,0,0.0,0.0,5.11,0.0,0.0,0
15,26.93,68.07,0,1,0.03,0.31,5.09,0.15,1.58,0
14,28.32,68.49,1,1,0.04,0.21,5.15,0.21,1.08,0
13,22.19,75.63,1,1,0.04,0.15,4.92,0.2,0.74,0
13,29.95,51.79,1,1,0.02,0.38,5.12,0.1,1.95,0
15,29.07,65.23,1,1,0.05,0.34,5.05,0.25,1.72,0
10,28.25,68.76,1,0,0.0,0.0,5.18,0.0,0.0,0
8,23.19,67.43,0,0,0.0,0.0,5.02,0.0,0.0,0
0,31.84,74.41,0,0,0.0,0.0,4.89,0.0,0.0,0
0,23.28,69.3,0,0,0.0,0.0,5.17,0.0,0.0,0
17,26.19,56.73,0,0,0.0,0.38,4.91,0.0,1.87,1
5,23.31,74.3,0,0,0.0,0.0,4.85,0.0,0.0,0
12,29.89,48.73,0,0,0.0,0.0,4.88,0.0,0.0,0
8,30.05,61.6,0,0,0.0,0.0,4.8,0.0,0.0,0
17,24.92,53.33,0,1,0.02,0.12,5.1,0.1,0.61,0
20,28.54,42.3,1,1,0.05,0.23,4.86,0.24,1.12,0
10,27.82,68.74,1,1,0.05,0.15,4.86,0.24,0.73,0
14,25.34,41.53,1,1,0.04,0.13,4.85,0.19,0.63,0
2,26.9,41.46,1,1,0.02,0.17,4.86,0.1,0.83,0
7,22.66,75.76,1,1,0.05,0.31,4.92,0.25,1.53,0
3,30.66,73.59,1,1,0.04,0.16,5.07,0.2,0.81,0
5,23.48,53.21,1,1,0.01,0.15,5.16,0.05,0.77,0
21,26.01,41.99,1,1,0.02,0.37,5.1,0.1,1.89,0
14,25.65,61.89,1,1,0.03,0.23,5.06,0.15,1.16,0
23,22.55,46.03,1,0,0.0,0.0,4.8,0.0,0.0,0
7,30.49,72.49,0,0,0.0,0.0,4.92,0.0,0.0,0
13,22.89,75.77,0,1,0.04,0.21,4.95,0.2,1.04,0
2,22.88,65.64,1,1,0.03,0.34,5.12,0.15,1.74,0
21,28.53,64.2,1,0,0.0,0.0,4.89,0.0,0.0,0
21,24.36,67.93,0,0,0.0,0.0,5.09,0.0,0.0,0
14,28.04,52.14,0,1,0.05,0.29,4.95,0.25,1.44,0
10,24.41,60.15,1,1,0.05,0.34,5.07,0.25,1.72,0
18,24.2,55.2,1,1,0.03,0.37,4.94,0.15,1.83,0
13,23.4,61.73,1,1,0.05,0.29,4.89,0.24,1.42,0
5,23.87,63.27,1,1,0.02,0.2,5.03,0.1,1.01,0
20,24.81,75.52,1,1,0.02,0.33,5.14,0.1,1.7,0
7,27.77,48.51,1,1,0.03,0.23,4.96,0.15,1.14,0
0,26.04,77.85,1,1,0.04,0.35,4.86,0.19,1.7,0
13,27.46,53.6,1,1,0.05,0.12,5.03,0.25,0.6,0
14,27.02,61.35,1,1,0.04,0.39,5.12,0.2,2.0,0
9,24.43,47.48,1,1,0.05,0.31,4.92,0.25,1.53,0
4,28.04,42.25,1,1,0.02,0.37,5.04,0.1,1.86,0
11,24.65,51.69,1,1,0.02,0.26,5.02,0.1,1.31,0
23,27.32,78.87,1,1,0.03,0.18,5.09,0.15,0.92,0
17,26.75,44.12,1,1,0.04,0.27,4.86,0.19,1.31,0
9,29.41,54.29,1,1,0.03,0.34,5.04,0.15,1.71,0
15,25.43,66.88,1,1,0.01,0.17,5.18,0.05,0.88,0
19,24.04,60.1,1,1,0.04,0.31,5.03,0.2,1.56,0
16,31.14,75.77,1,1,0.04,0.31,4.86,0.19,1.51,0
10,31.64,75.15,1,1,0.02,0.33,4.94,0.1,1.63,0
7,30.83,79.18,1,1,0.02,0.2,4.93,0.1,0.99,0
3,24.22,63.41,1,1,0.03,0.35,5.18,0.16,1.81,0
12,31.16,60.53,1,1,0.05,0.32,5.17,0.26,1.65,0
7,28.22,53.5,1,1,0.01,0.34,4.8,0.05,1.63,0
8,29.05,77.2,1,0,0.0,0.0,4.92,0.0,0.0,0
13,29.48,51.31,0,0,0.0,0.0,5.15,0.0,0.0,0
3,22.58,56.9,0,0,0.0,0.0,4.86,0.0,0.0,0
3,27.86,57.38,0,0,0.0,0.0,4.98,0.0,0.0,0
19,29.27,74.01,0,0,0.0,0.0,5.13,0.0,0.0,0
16,31.07,73.39,0,1,0.02,0.11,5.1,0.1,0.56,0
11,27.66,46.89,1,1,0.03,0.2,5.09,0.15,1.02,0
12,25.94,72.27,1,1,0.05,0.21,4.98,0.25,1.05,0
15,23.06,74.47,1,1,0.02,0.15,5.15,0.1,0.77,0
5,22.97,51.63,1,0,0.0,0.0,5.11,0.0,0.0,0
18,29.37,52.59,0,0,0.05,0.0,5.11,0.26,0.0,1
11,29.92,40.61,0,1,0.04,0.39,5.12,0.2,2.0,0
22,22.84,73.86,1,1,0.03,0.14,4.83,0.14,0.68,0
17,28.24,54.53,1,1,0.02,0.12,5.19,0.1,0.62,0
6,25.38,68.44,1,1,0.02,0.32,5.17,0.1,1.65,0
14,22.71,68.72,1,1,0.04,0.18,4.83,0.19,0.87,0
15,24.0,65.32,1,1,0.01,0.33,4.83,0.05,1.59,0
13,24.62,42.77,1,1,0.04,0.25,4.81,0.19,1.2,0
3,29.62,60.3,1,1,0.02,0.22,4.9,0.1,1.08,0
7,22.62,71.64,1,1,0.04,0.27,4.96,0.2,1.34,0
17,28.46,76.4,1,1,0.05,0.3,5.0,0.25,1.5,0
3,22.08,77.9,1,1,0.03,0.21,5.06,0.15,1.06,0
14,26.67,56.0,1,1,0.04,0.36,5.04,0.2,1.81,0
21,31.75,47.59,1,1,0.04,0.19,4.93,0.2,0.94,0
19,24.62,76.94,1,1,0.04,0.27,4.93,0.2,1.33,0
14,26.59,54.33,1,1,0.04,0.34,5.01,0.2,1.7,0
15,28.99,48.09,1,1,0.05,0.31,4.86,0.24,1.51,0
23,23.31,57.92,1,1,0.04,0.33,5.08,0.2,1.68,0
14,23.85,42.09,1,1,0.02,0.28,5.06,0.1,1.42,0
1,27.49,48.05,1,1,0.04,0.29,5.2,0.21,1.51,0
21,23.58,55.35,1,1,0.02,0.3,5.18,0.1,1.55,0
23,25.94,54.24,1,1,0.03,0.24,4.88,0.15,1.17,0
5,26.49,62.44,1,1,0.05,0.26,4.81,0.24,1.25,0
2,22.59,68.66,1,1,0.02,0.21,4.97,0.1,1.04,0
2,25.5,58.69,1,0,0.0,0.17,4.98,0.0,0.85,1
19,24.98,42.57,0,0,0.0,0.0,5.18,0.0,0.0,0
9,28.21,59.15,0,1,0.04,0.18,4.86,0.19,0.87,0
21,27.85,63.09,1,1,0.02,0.38,5.14,0.1,1.95,0
20,22.15,56.87,1,1,0.03,0.13,5.1,0.15,0.66,0
5,25.14,54.92,1,1,0.02,0.17,5.09,0.1,0.87,0
8,23.93,76.52,1,1,0.04,0.19,5.14,0.21,0.98,0
7,24.99,57.01,1,1,0.03,0.11,5.18,0.16,0.57,0
8,23.47,76.65,1,1,0.03,0.13,4.95,0.15,0.64,0
1,24.36,42.79,1,1,0.05,0.31,5.03,0.25,1.56,0
7,25.89,59.94,1,0,0.0,0.0,4.88,0.0,0.0,0
10,25.49,41.19,0,1,0.01,0.38,5.16,0.05,1.96,0
3,28.58,79.85,1,0,0.0,0.0,5.13,0.0,0.0,0
7,22.19,52.27,0,0,0.0,0.38,4.98,0.0,1.89,1
20,22.83,40.32,0,0,0.0,0.0,5.05,0.0,0.0,0
4,26.21,60.65,0,0,0.05,0.0,4.87,0.24,0.0,1
3,27.1,59.07,0,1,0.04,0.24,4.9,0.2,1.18,0
15,27.64,61.74,1,0,0.0,0.0,4.81,0.0,0.0,0
16,26.55,49.89,0,0,0.0,0.0,4.97,0.0,0.0,0
12,27.86,76.07,0,1,0.01,0.15,4.95,0.05,0.74,0
21,30.79,46.96,1,1,0.03,0.16,5.14,0.15,0.82,0
13,22.25,71.4,1,1,0.03,0.23,5.1,0.15,1.17,0
5,22.78,70.14,1,1,0.02,0.27,5.15,0.1,1.39,0
10,29.28,49.83,1,1,0.01,0.19,5.0,0.05,0.95,0
2,27.95,68.27,1,1,0.03,0.27,4.99,0.15,1.35,0
1,26.27,63.34,1,1,0.02,0.36,5.17,0.1,1.86,0
4,29.7,55.64,1,1,0.04,0.28,4.83,0.19,1.35,0
8,26.44,53.2,1,1,0.03,0.32,4.91,0.15,1.57,0
22,29.03,54.31,1,0,0.0,0.0,4.81,0.0,0.0,0
2,31.87,78.72,0,1,0.02,0.39,5.09,0.1,1.99,0
18,22.68,51.93,1,1,0.02,0.34,5.11,0.1,1.74,0
4,26.74,70.49,1,1,0.05,0.27,5.0,0.25,1.35,0
6,31.02,56.37,1,1,0.05,0.35,5.17,0.26,1.81,0
12,30.76,44.2,1,1,0.01,0.15,5.03,0.05,0.75,0
0,22.74,68.78,1,0,0.0,0.0,4.84,0.0,0.0,0
5,23.19,68.66,0,0,0.0,0.0,5.13,0.0,0.0,0
19,23.59,67.92,0,0,0.0,0.0,4.89,0.0,0.0,0
13,24.63,75.21,0,1,0.01,0.37,5.13,0.05,1.9,0
19,23.91,68.4,1,1,0.02,0.32,5.01,0.1,1.6,0
15,26.64,66.27,1,1,0.02,0.33,4.95,0.1,1.63,0
18,24.04,64.27,1,1,0.02,0.24,5.09,0.1,1.22,0
9,28.78,46.74,1,1,0.02,0.15,4.95,0.1,0.74,0
2,27.75,77.38,1,0,0.0,0.0,4.82,0.0,0.0,0
7,25.43,77.37,0,0,0.0,0.0,5.07,0.0,0.0,0
4,22.53,55.65,0,0,0.0,0.0,4.84,0.0,0.0,0
13,23.95,50.65,0,1,0.04,0.38,4.86,0.19,1.85,0
4,25.76,42.38,1,1,0.04,0.4,4.97,0.2,1.99,0
22,25.65,60.92,1,1,0.03,0.28,5.17,0.16,1.45,0
23,27.31,43.62,1,1,0.03,0.2,4.99,0.15,1.0,0
10,28.9,50.16,1,1,0.02,0.11,5.07,0.1,0.56,0
1,27.22,44.29,1,1,0.02,0.39,5.2,0.1,2.03,0
10,26.24,56.66,1,1,0.01,0.33,4.88,0.05,1.61,0
16,22.31,70.36,1,1,0.03,0.37,4.85,0.15,1.79,0
11,23.59,75.96,1,1,0.04,0.27,5.16,0.21,1.39,0
4,31.97,50.09,1,1,0.02,0.35,4.84,0.1,1.69,0
0,25.07,63.85,1,1,0.04,0.17,5.14,0.21,0.87,0
13,29.44,42.43,1,1,0.04,0.39,5.03,0.2,1.96,0
11,29.22,73.8,1,1,0.02,0.34,4.99,0.1,1.7,0
22,28.45,65.4,1,1,0.02,0.13,4.87,0.1,0.63,0
23,27.95,52.27,1,1,0.03,0.39,4.91,0.15,1.91,0
13,28.97,41.49,1,1,0.03,0.3,4.98,0.15,1.49,0
19,23.96,76.5,1,0,0.0,0.0,4.86,0.0,0.0,0
23,25.24,69.33,0,0,0.0,0.0,5.14,0.0,0.0,0
9,26.34,66.8,0,0,0.0,0.0,5.13,0.0,0.0,0
3,28.81,51.54,0,0,0.0,0.21,5.1,0.0,1.07,1
23,31.64,55.47,0,0,0.03,0.0,4.93,0.15,0.0,1
16,23.58,48.47,0,1,0.02,0.32,5.17,0.1,1.65,0
20,23.68,60.0,1,1,0.03,0.21,5.02,0.15,1.05,0
7,25.47,53.34,1,1,0.02,0.28,5.02,0.1,1.41,0
11,26.5,41.77,1,1,0.03,0.33,4.97,0.15,1.64,0
5,24.79,55.71,1,1,0.05,0.28,5.06,0.25,1.42,0
11,28.19,66.73,1,1,0.03,0.12,4.91,0.15,0.59,0
8,25.26,70.91,1,1,0.01,0.37,4.99,0.05,1.85,0
7,25.59,50.83,1,1,0.03,0.2,5.13,0.15,1.03,0
2,22.12,43.89,1,0,0.0,0.0,4.85,0.0,0.0,0
11,27.66,66.16,0,0,0.0,0.0,5.07,0.0,0.0,0
21,22.71,78.92,0,0,0.0,0.0,5.19,0.0,0.0,0
18,31.28,75.31,0,0,0.0,0.0,4.81,0.0,0.0,0
4,22.47,75.67,0,0,0.0,0.0,4.98,0.0,0.0,0
4,26.4,50.27,0,0,0.0,0.0,4.81,0.0,0.0,0
7,26.44,58.96,0,0,0.0,0.0,5.02,0.0,0.0,0
21,30.36,68.93,0,0,0.0,0.0,5.12,0.0,0.0,0
2,30.16,75.17,0,0,0.0,0.0,5.0,0.0,0.0,0
8,26.2,52.51,0,1,0.01,0.33,5.14,0.05,1.7,0
2,23.64,65.69,1,1,0.03,0.11,4.99,0.15,0.55,0
12,28.2,56.35,1,1,0.03,0.11,4.86,0.15,0.53,0
8,31.21,76.66,1,1,0.02,0.18,4.89,0.1,0.88,0
10,31.52,65.08,1,1,0.03,0.3,5.05,0.15,1.51,0
10,29.51,49.08,1,1,0.03,0.37,4.84,0.15,1.79,0
18,28.78,48.04,1,1,0.04,0.2,4.81,0.19,0.96,0
2,25.16,77.38,1,1,0.05,0.28,4.87,0.24,1.36,0
1,24.13,42.92,1,1,0.02,0.34,5.07,0.1,1.72,0
21,27.67,50.55,1,1,0.04,0.1,4.82,0.19,0.48,0
5,31.04,67.77,1,1,0.04,0.22,4.99,0.2,1.1,0
2,27.12,57.8,1,1,0.04,0.4,5.13,0.21,2.05,0
8,30.18,64.71,1,0,0.0,0.0,4.86,0.0,0.0,0
14,27.59,64.57,0,0,0.0,0.0,4.87,0.0,0.0,0
1,25.72,66.29,0,0,0.0,0.0,4.87,0.0,0.0,0
3,28.52,73.33,0,0,0.0,0.0,5.11,0.0,0.0,0
11,28.04,70.84,0,0,0.0,0.0,4.9,0.0,0.0,0
16,25.67,61.42,0,0,0.0,0.0,4.82,0.0,0.0,0
19,23.33,60.28,0,0,0.0,0.0,5.06,0.0,0.0,0
11,23.39,67.49,0,0,0.0,0.0,4.88,0.0,0.0,0
12,26.68,50.24,0,1,0.02,0.37,5.07,0.1,1.88,0
1,27.75,67.01,1,1,0.03,0.27,4.82,0.14,1.3,0
2,31.47,71.24,1,1,0.04,0.27,4.88,0.2,1.32,0
19,24.39,78.55,1,0,0.0,0.0,4.87,0.0,0.0,0
7,28.54,53.35,0,0,0.01,0.36,4.91,0.05,1.77,1
23,27.86,48.7,0,0,0.0,0.0,5.06,0.0,0.0,0
0,29.02,43.59,0,0,0.0,0.0,4.84,0.0,0.0,0
8,29.21,68.56,0,0,0.0,0.0,5.01,0.0,0.0,0
16,24.49,66.23,0,1,0.04,0.11,5.02,0.2,0.55,0
3,29.53,65.0,1,1,0.02,0.29,4.95,0.1,1.44,0
16,26.85,41.22,1,1,0.05,0.2,5.19,0.26,1.04,0
20,24.85,43.91,1,1,0.02,0.15,5.11,0.1,0.77,0
11,27.23,59.79,1,1,0.01,0.18,5.2,0.05,0.94,0
13,28.95,49.44,1,1,0.03,0.34,4.87,0.15,1.66,0
2,24.6,60.14,1,1,0.03,0.32,5.09,0.15,1.63,0
22,22.38,45.41,1,1,0.02,0.17,4.8,0.1,0.82,0
8,29.96,79.42,1,1,0.04,0.37,5.17,0.21,1.91,0
5,31.44,67.47,1,1,0.02,0.2,4.85,0.1,0.97,0
10,27.12,60.32,1,1,0.01,0.27,5.06,0.05,1.37,0
12,31.95,69.16,1,1,0.04,0.1,4.92,0.2,0.49,0
8,22.7,74.85,1,1,0.04,0.28,5.02,0.2,1.41,0
13,28.0,46.74,1,1,0.03,0.36,5.09,0.15,1.83,0
18,31.04,61.48,1,1,0.04,0.17,5.18,0.21,0.88,0
3,22.56,78.91,1,1,0.03,0.36,5.0,0.15,1.8,0
9,22.67,52.12,1,1,0.03,0.3,4.97,0.15,1.49,0
11,23.82,40.65,1,1,0.01,0.12,4.83,0.05,0.58,0
3,27.75,78.67,1,1,0.04,0.4,4.98,0.2,1.99,0
1,27.88,73.85,1,1,0.03,0.37,4.9,0.15,1.81,0
13,26.73,78.46,1,1,0.02,0.27,5.04,0.1,1.36,0
11,31.44,42.62,1,1,0.02,0.13,5.14,0.1,0.67,0
8,26.38,58.01,1,0,0.0,0.0,5.11,0.0,0.0,0
19,23.13,78.37,0,0,0.0,0.0,5.15,0.0,0.0,0
2,27.99,79.4,0,0,0.0,0.0,4.99,0.0,0.0,0
8,23.63,48.79,0,0,0.0,0.17,4.86,0.0,0.83,1
9,31.24,62.75,0,1,0.02,0.37,5.01,0.1,1.85,0
21,29.67,52.95,1,0,0.0,0.0,4.92,0.0,0.0,0
6,23.72,48.05,0,0,0.0,0.0,5.07,0.0,0.0,0
17,25.35,72.46,0,1,0.04,0.34,5.17,0.21,1.76,0
0,23.35,65.41,1,1,0.03,0.16,5.17,0.16,0.83,0
5,29.64,64.68,1,1,0.02,0.11,5.17,0.1,0.57,0
4,22.42,69.34,1,1,0.02,0.28,4.96,0.1,1.39,0
15,27.47,48.86,1,1,0.03,0.25,4.84,0.15,1.21,0
5,31.14,58.5,1,1,0.05,0.29,4.99,0.25,1.45,0
18,28.68,58.45,1,1,0.03,0.16,5.17,0.16,0.83,0
14,24.51,69.35,1,1,0.04,0.11,4.86,0.19,0.53,0
4,31.6,50.7,1,1,0.04,0.16,4.93,0.2,0.79,0
6,25.33,40.29,1,1,0.02,0.31,4.98,0.1,1.54,0
13,28.99,66.55,1,1,0.03,0.33,5.07,0.15,1.67,0
2,22.99,71.14,1,1,0.02,0.2,5.03,0.1,1.01,0
0,31.8,69.07,1,0,0.0,0.0,5.03,0.0,0.0,0
16,30.15,45.33,0,0,0.0,0.0,5.09,0.0,0.0,0
21,24.01,67.28,0,0,0.0,0.0,5.13,0.0,0.0,0
21,25.59,62.62,0,0,0.0,0.0,4.85,0.0,0.0,0
21,30.42,70.48,0,1,0.02,0.22,5.0,0.1,1.1,0
0,28.9,68.78,1,1,0.03,0.29,5.11,0.15,1.48,0
7,26.71,58.48,1,1,0.03,0.27,4.84,0.15,1.31,0
13,27.82,61.91,1,1,0.01,0.33,4.94,0.05,1.63,0
18,22.7,76.92,1,1,0.05,0.32,5.18,0.26,1.66,0
19,26.32,68.93,1,0,0.0,0.0,5.1,0.0,0.0,0
4,24.38,56.59,0,0,0.0,0.0,4.83,0.0,0.0,0
12,31.87,43.54,0,0,0.0,0.0,4.94,0.0,0.0,0
21,30.43,49.22,0,0,0.0,0.0,5.15,0.0,0.0,0
18,22.6,56.77,0,1,0.02,0.3,4.96,0.1,1.49,0
11,28.3,40.52,1,1,0.02,0.17,4.81,0.1,0.82,0
23,29.88,52.56,1,0,0.0,0.0,5.0,0.0,0.0,0
0,31.26,73.52,0,0,0.0,0.23,4.82,0.0,1.11,1
2,30.34,55.4,0,0,0.0,0.0,4.81,0.0,0.0,0
19,24.99,66.96,0,0,0.0,0.0,5.02,0.0,0.0,0
0,28.94,44.33,0,0,0.0,0.0,5.19,0.0,0.0,0
23,22.6,74.63,0,0,0.0,0.0,4.8,0.0,0.0,0
12,26.32,66.37,0,1,0.05,0.2,5.1,0.26,1.02,0
5,27.62,53.49,1,1,0.01,0.32,5.09,0.05,1.63,0
18,30.0,45.8,1,1,0.02,0.11,5.02,0.1,0.55,0
15,27.14,46.19,1,1,0.01,0.1,5.08,0.05,0.51,0
12,30.36,44.24,1,1,0.04,0.13,5.02,0.2,0.65,0
16,29.15,68.09,1,1,0.04,0.11,5.12,0.2,0.56,0
14,27.31,67.45,1,1,0.04,0.31,4.94,0.2,1.53,0
16,28.43,72.45,1,1,0.04,0.13,5.2,0.21,0.68,0
4,26.19,41.99,1,1,0.02,0.28,5.1,0.1,1.43,0
17,30.67,55.1,1,1,0.05,0.29,4.85,0.24,1.41,0
23,23.95,40.11,1,1,0.01,0.39,5.16,0.05,2.01,0
14,27.98,40.39,1,1,0.05,0.35,4.84,0.24,1.69,0
3,31.02,49.29,1,0,0.0,0.0,5.05,0.0,0.0,0
18,31.91,65.9,0,1,0.05,0.16,4.86,0.24,0.78,0
18,22.61,53.38,1,1,0.01,0.16,4.96,0.05,0.79,0
21,31.42,44.25,1,1,0.04,0.29,5.15,0.21,1.49,0
2,22.97,56.68,1,1,0.02,0.17,5.08,0.1,0.86,0
3,23.63,40.38,1,1,0.03,0.32,5.11,0.15,1.64,0
1,26.97,73.44,1,1,0.02,0.15,4.87,0.1,0.73,0
16,22.14,49.18,1,1,0.01,0.15,5.1,0.05,0.76,0
12,27.94,58.95,1,1,0.04,0.17,4.92,0.2,0.84,0
19,25.1,45.18,1,1,0.04,0.1,4.82,0.19,0.48,0
10,24.46,67.59,1,1,0.01,0.22,4.89,0.05,1.08,0
23,26.3,64.52,1,1,0.03,0.17,5.08,0.15,0.86,0
13,29.35,61.19,1,1,0.01,0.19,5.0,0.05,0.95,0
2,24.38,46.52,1,1,0.04,0.39,5.14,0.21,2.0,0
1,22.45,60.11,1,0,0.0,0.0,5.0,0.0,0.0,0
23,25.23,43.83,0,0,0.04,0.11,4.85,0.19,0.53,1
4,24.94,50.06,0,0,0.0,0.0,5.06,0.0,0.0,0
23,30.28,63.3,0,0,0.03,0.29,5.05,0.15,1.46,1
7,30.91,58.5,0,0,0.0,0.0,4.83,0.0,0.0,0
6,23.39,71.65,0,0,0.04,0.13,4.96,0.2,0.64,1
2,25.96,52.53,0,0,0.03,0.0,4.81,0.14,0.0,1
16,27.69,67.53,0,1,0.05,0.3,4.93,0.25,1.48,0
22,22.4,47.93,1,0,0.0,0.0,4.99,0.0,0.0,0
20,28.8,63.13,0,0,0.0,0.0,4.85,0.0,0.0,0
23,30.38,54.16,0,0,0.0,0.0,4.87,0.0,0.0,0
4,25.86,62.01,0,0,0.0,0.0,4.88,0.0,0.0,0
23,27.31,41.45,0,1,0.04,0.25,5.04,0.2,1.26,0
23,25.35,63.71,1,1,0.04,0.18,5.07,0.2,0.91,0
13,27.95,45.27,1,1,0.03,0.33,4.83,0.14,1.59,0
3,29.17,72.85,1,1,0.02,0.29,4.93,0.1,1.43,0
16,24.4,40.65,1,1,0.02,0.21,5.08,0.1,1.07,0
7,22.44,47.81,1,0,0.0,0.0,4.96,0.0,0.0,0
12,29.47,57.27,0,1,0.04,0.18,4.93,0.2,0.89,0
4,27.78,51.07,1,1,0.01,0.24,5.12,0.05,1.23,0
6,22.83,52.42,1,1,0.05,0.32,4.98,0.25,1.59,0
3,31.39,41.05,1,1,0.02,0.36,5.12,0.1,1.84,0
1,25.34,62.49,1,1,0.02,0.35,4.98,0.1,1.74,0
21,26.06,49.42,1,1,0.01,0.3,5.17,0.05,1.55,0
7,23.08,50.16,1,1,0.04,0.11,5.18,0.21,0.57,0
18,28.03,60.78,1,1,0.03,0.15,4.84,0.15,0.73,0
8,22.39,54.34,1,0,0.0,0.0,5.13,0.0,0.0,0
17,22.78,64.03,0,0,0.0,0.0,5.17,0.0,0.0,0
15,25.42,68.78,0,0,0.0,0.0,5.0,0.0,0.0,0
18,30.51,63.85,0,1,0.02,0.17,5.14,0.1,0.87,0
9,29.99,73.66,1,1,0.02,0.17,5.0,0.1,0.85,0
6,27.4,54.42,1,1,0.02,0.27,4.91,0.1,1.33,0
3,24.59,71.98,1,0,0.0,0.0,4.82,0.0,0.0,0
11,25.01,73.66,0,1,0.02,0.4,5.19,0.1,2.08,0
4,22.25,73.32,1,1,0.04,0.26,4.87,0.19,1.27,0
4,23.94,47.35,1,1,0.05,0.15,4.91,0.25,0.74,0
2,26.39,52.77,1,1,0.05,0.21,4.86,0.24,1.02,0
6,22.17,71.28,1,1,0.02,0.28,4.92,0.1,1.38,0
23,25.84,68.98,1,1,0.02,0.22,4.89,0.1,1.08,0
22,23.47,54.54,1,1,0.02,0.16,4.82,0.1,0.77,0
3,29.52,77.02,1,1,0.04,0.28,4.97,0.2,1.39,0
8,29.86,68.09,1,1,0.04,0.22,5.14,0.21,1.13,0
0,24.59,52.79,1,1,0.04,0.39,4.83,0.19,1.88,0
13,27.85,71.77,1,1,0.04,0.29,5.0,0.2,1.45,0
0,23.37,68.44,1,1,0.03,0.26,4.81,0.14,1.25,0
13,23.89,62.91,1,1,0.03,0.34,5.01,0.15,1.7,0
8,27.71,62.31,1,1,0.02,0.23,5.2,0.1,1.2,0
9,26.17,63.15,1,1,0.03,0.35,4.85,0.15,1.7,0
21,23.8,79.58,1,1,0.01,0.2,4.92,0.05,0.98,0
12,26.36,57.53,1,1,0.03,0.13,4.91,0.15,0.64,0
5,22.86,45.85,1,1,0.04,0.15,4.85,0.19,0.73,0
23,27.37,64.34,1,1,0.05,0.34,4.94,0.25,1.68,0
4,30.02,57.94,1,0,0.0,0.0,4.87,0.0,0.0,0
4,29.58,46.19,0,0,0.0,0.0,4.91,0.0,0.0,0
8,23.66,77.96,0,0,0.0,0.0,4.94,0.0,0.0,0
18,27.06,57.38,0,1,0.03,0.12,5.17,0.16,0.62,0
1,24.33,45.77,1,1,0.05,0.24,4.9,0.25,1.18,0
17,24.82,45.69,1,1,0.03,0.14,5.17,0.16,0.72,0
23,23.19,67.68,1,1,0.04,0.36,5.17,0.21,1.86,0
11,27.18,45.66,1,1,0.03,0.16,5.03,0.15,0.8,0
6,31.52,76.25,1,1,0.05,0.13,4.96,0.25,0.64,0
16,28.01,41.14,1,1,0.05,0.25,4.9,0.25,1.23,0
17,31.91,61.22,1,1,0.02,0.27,5.04,0.1,1.36,0
2,29.9,59.35,1,1,0.01,0.35,4.93,0.05,1.73,0
10,25.74,57.36,1,1,0.05,0.2,4.82,0.24,0.96,0
23,24.35,50.33,1,1,0.03,0.1,5.04,0.15,0.5,0
19,22.27,49.85,1,1,0.02,0.27,4.94,0.1,1.33,0
10,28.35,43.8,1,1,0.02,0.3,5.12,0.1,1.54,0
15,27.41,66.95,1,1,0.04,0.14,5.15,0.21,0.72,0
16,22.52,75.07,1,1,0.02,0.13,4.98,0.1,0.65,0
2,26.89,76.2,1,1,0.03,0.35,4.94,0.15,1.73,0
14,31.16,45.98,1,1,0.03,0.22,4.85,0.15,1.07,0
9,27.72,69.39,1,1,0.03,0.22,5.08,0.15,1.12,0
3,26.54,61.76,1,1,0.05,0.23,4.87,0.24,1.12,0
13,26.38,51.23,1,1,0.02,0.39,5.13,0.1,2.0,0
1,26.31,73.54,1,1,0.02,0.29,5.19,0.1,1.51,0
21,28.34,74.25,1,1,0.01,0.24,5.15,0.05,1.24,0
13,28.11,79.24,1,1,0.05,0.3,4.99,0.25,1.5,0
20,22.51,73.81,1,0,0.0,0.0,4.91,0.0,0.0,0
21,24.91,68.22,0,0,0.0,0.0,5.14,0.0,0.0,0
15,26.43,68.74,0,1,0.01,0.34,5.06,0.05,1.72,0
23,25.06,64.56,1,1,0.02,0.32,4.83,0.1,1.55,0
1,28.76,70.92,1,1,0.01,0.14,4.99,0.05,0.7,0
0,23.64,47.64,1,1,0.02,0.29,5.01,0.1,1.45,0
7,26.95,42.03,1,1,0.04,0.13,4.92,0.2,0.64,0
13,28.95,41.17,1,1,0.03,0.29,4.86,0.15,1.41,0
17,31.84,68.8,1,1,0.05,0.38,4.83,0.24,1.84,0
0,29.72,51.91,1,1,0.02,0.33,5.02,0.1,1.66,0
14,28.38,79.63,1,1,0.03,0.12,5.13,0.15,0.62,0
13,28.01,68.33,1,1,0.04,0.34,4.84,0.19,1.65,0
5,27.31,58.21,1,1,0.01,0.23,4.9,0.05,1.13,0
22,22.15,53.63,1,1,0.03,0.2,4.98,0.15,1.0,0
9,25.56,42.19,1,1,0.02,0.32,4.96,0.1,1.59,0
20,22.44,56.28,1,0,0.0,0.0,5.01,0.0,0.0,0
5,31.26,40.47,0,0,0.0,0.0,4.92,0.0,0.0,0
23,23.26,46.31,0,0,0.02,0.3,5.01,0.1,1.5,1
2,22.08,49.05,0,0,0.0,0.0,4.89,0.0,0.0,0
13,23.56,48.56,0,1,0.05,0.26,4.87,0.24,1.27,0
19,26.6,54.61,1,1,0.05,0.24,5.15,0.26,1.24,0
2,30.44,47.99,1,1,0.03,0.23,5.12,0.15,1.18,0
21,28.37,48.79,1,1,0.02,0.26,4.92,0.1,1.28,0
7,25.65,53.35,1,1,0.03,0.24,5.11,0.15,1.23,0
8,25.56,70.63,1,1,0.04,0.15,4.98,0.2,0.75,0
16,30.01,78.12,1,1,0.04,0.35,4.93,0.2,1.73,0
14,25.57,42.01,1,1,0.04,0.1,5.14,0.21,0.51,0
6,24.16,40.13,1,1,0.05,0.16,4.99,0.25,0.8,0
17,27.54,44.56,1,1,0.04,0.12,5.0,0.2,0.6,0
2,24.07,72.26,1,1,0.01,0.16,5.17,0.05,0.83,0
14,23.02,73.49,1,0,0.0,0.0,4.94,0.0,0.0,0
21,28.99,65.76,0,0,0.0,0.0,4.87,0.0,0.0,0
14,22.22,70.46,0,1,0.04,0.26,5.18,0.21,1.35,0
18,23.96,43.0,1,1,0.03,0.33,4.99,0.15,1.65,0
1,28.58,60.68,1,1,0.04,0.14,4.98,0.2,0.7,0
9,25.72,51.45,1,1,0.02,0.15,4.91,0.1,0.74,0
11,29.49,41.59,1,1,0.01,0.14,5.11,0.05,0.72,0
12,23.73,44.56,1,1,0.04,0.21,5.0,0.2,1.05,0
18,30.81,63.6,1,1,0.02,0.25,5.04,0.1,1.26,0
3,24.16,56.79,1,1,0.04,0.3,5.12,0.2,1.54,0
8,24.32,73.93,1,1,0.05,0.32,4.85,0.24,1.55,0
15,26.1,66.61,1,1,0.02,0.38,4.82,0.1,1.83,0
16,23.92,59.19,1,1,0.05,0.19,5.19,0.26,0.99,0
8,28.3,77.72,1,1,0.04,0.12,4.95,0.2,0.59,0
23,29.98,40.67,1,1,0.03,0.2,5.2,0.16,1.04,0
9,22.12,60.32,1,1,0.03,0.21,5.12,0.15,1.08,0
21,23.06,73.54,1,1,0.03,0.15,5.06,0.15,0.76,0
16,29.48,70.75,1,1,0.03,0.36,5.08,0.15,1.83,0
9,22.29,76.74,1,1,0.05,0.23,4.81,0.24,1.11,0
16,22.72,61.55,1,1,0.03,0.3,4.82,0.14,1.45,0
7,30.89,42.31,1,1,0.05,0.23,5.03,0.25,1.16,0
0,23.86,72.8,1,0,0.0,0.0,5.12,0.0,0.0,0
21,22.55,70.85,0,0,0.0,0.13,5.06,0.0,0.66,1
11,28.8,58.58,0,1,0.01,0.17,5.14,0.05,0.87,0
13,29.91,45.23,1,1,0.03,0.39,5.05,0.15,1.97,0
12,30.21,49.59,1,1,0.02,0.37,4.94,0.1,1.83,0
13,24.12,63.38,1,1,0.02,0.25,5.01,0.1,1.25,0
19,22.77,69.79,1,0,0.0,0.0,5.15,0.0,0.0,0
21,28.06,60.48,0,0,0.0,0.0,4.91,0.0,0.0,0
16,23.44,68.79,0,1,0.04,0.21,4.98,0.2,1.05,0
18,23.17,78.48,1,1,0.05,0.16,4.94,0.25,0.79,0
0,31.07,51.38,1,1,0.04,0.37,4.97,0.2,1.84,0
4,24.68,68.6,1,1,0.03,0.16,5.18,0.16,0.83,0
1,25.79,64.46,1,1,0.04,0.36,5.15,0.21,1.85,0
21,22.46,59.13,1,1,0.03,0.35,5.02,0.15,1.76,0
4,27.17,61.66,1,1,0.02,0.11,4.92,0.1,0.54,0
22,24.98,70.28,1,1,0.03,0.35,5.17,0.16,1.81,0
23,28.28,59.28,1,0,0.0,0.0,5.05,0.0,0.0,0
22,30.25,65.64,0,0,0.0,0.0,5.19,0.0,0.0,0
16,22.01,74.23,0,1,0.03,0.39,5.06,0.15,1.97,0
1,26.89,41.52,1,1,0.01,0.25,5.13,0.05,1.28,0
13,27.2,44.74,1,1,0.02,0.15,4.99,0.1,0.75,0
3,25.03,73.77,1,1,0.01,0.15,4.8,0.05,0.72,0
11,26.56,65.32,1,1,0.04,0.28,4.98,0.2,1.39,0
22,28.7,77.31,1,1,0.05,0.37,4.99,0.25,1.85,0
9,27.39,77.22,1,1,0.02,0.16,5.09,0.1,0.81,0
5,23.62,43.47,1,1,0.05,0.29,5.06,0.25,1.47,0
5,31.39,58.8,1,1,0.05,0.3,5.16,0.26,1.55,0
18,24.88,42.93,1,1,0.04,0.39,4.99,0.2,1.95,0
10,23.45,75.54,1,1,0.01,0.32,5.16,0.05,1.65,0
10,27.51,76.46,1,1,0.03,0.33,5.14,0.15,1.7,0
22,26.09,47.27,1,1,0.03,0.2,5.1,0.15,1.02,0
6,29.81,72.04,1,1,0.05,0.39,5.15,0.26,2.01,0
10,26.75,52.84,1,0,0.0,0.0,4.88,0.0,0.0,0
10,28.33,46.37,0,1,0.04,0.3,5.0,0.2,1.5,0
18,25.24,66.15,1,1,0.04,0.35,5.04,0.2,1.76,0
19,24.81,58.75,1,1,0.04,0.27,4.87,0.19,1.31,0
18,23.85,59.89,1,1,0.02,0.31,4.93,0.1,1.53,0
9,27.83,53.03,1,1,0.02,0.11,4.93,0.1,0.54,0
22,30.73,50.75,1,1,0.03,0.31,4.88,0.15,1.51,0
